,no_of_adults,no_of_children,booking_details_id
0,2,0,1001
1,2,0,1002
2,1,0,1003
3,2,0,1004
4,2,0,1005
5,2,0,1006
6,2,0,1007
7,2,0,1008
8,3,0,1009
9,2,0,1010
10,1,0,1011
11,1,0,1012
12,2,0,1013
13,1,0,1014
16,1,0,1015
17,2,0,1016
19,2,0,1017
21,1,0,1018
22,2,0,1019
23,2,0,1020
25,2,0,1021
27,1,0,1022
28,1,0,1023
29,2,0,1024
30,2,0,1025
31,2,0,1026
32,0,2,1027
33,2,0,1028
34,2,0,1029
36,1,0,1030
37,2,0,1031
38,2,0,1032
39,2,0,1033
40,2,0,1034
41,2,0,1035
42,3,0,1036
43,2,0,1037
44,2,0,1038
45,2,0,1039
46,1,0,1040
47,2,0,1041
48,2,0,1042
49,1,0,1043
50,1,0,1044
51,2,0,1045
52,1,0,1046
54,2,0,1047
55,2,0,1048
58,2,0,1049
59,2,0,1050
60,2,2,1051
61,1,0,1052
62,1,0,1053
63,1,0,1054
65,2,0,1055
66,2,0,1056
67,2,0,1057
68,2,0,1058
72,2,0,1059
75,2,0,1060
76,3,0,1061
77,2,0,1062
78,3,0,1063
80,2,2,1064
81,2,0,1065
83,2,0,1066
84,2,0,1067
85,1,0,1068
86,2,0,1069
87,1,0,1070
88,2,0,1071
89,2,0,1072
90,2,0,1073
91,2,0,1074
92,2,0,1075
93,2,0,1076
94,2,0,1077
95,2,1,1078
97,2,0,1079
98,2,0,1080
99,2,2,1081
101,3,0,1082
102,1,0,1083
104,2,0,1084
105,2,0,1085
106,2,0,1086
107,2,0,1087
108,2,0,1088
110,2,0,1089
111,2,0,1090
112,2,0,1091
114,2,2,1092
115,3,0,1093
116,3,0,1094
117,2,1,1095
119,2,0,1096
120,2,0,1097
121,2,0,1098
122,2,0,1099
124,3,0,1100
126,1,0,1101
127,2,2,1102
129,2,0,1103
130,2,0,1104
131,1,0,1105
132,2,0,1106
134,1,0,1107
136,2,1,1108
138,1,0,1109
139,3,0,1110
142,2,0,1111
143,2,0,1112
147,2,0,1113
148,2,0,1114
149,2,0,1115
150,2,0,1116
151,2,0,1117
152,2,0,1118
153,2,0,1119
155,1,0,1120
156,2,0,1121
161,2,0,1122
162,3,0,1123
165,1,0,1124
166,2,0,1125
167,1,0,1126
168,2,0,1127
169,2,1,1128
174,2,1,1129
176,2,0,1130
177,2,0,1131
178,1,1,1132
180,2,0,1133
181,2,0,1134
182,2,0,1135
183,2,0,1136
184,2,0,1137
186,2,0,1138
187,2,0,1139
188,2,0,1140
189,1,0,1141
190,2,0,1142
191,1,0,1143
192,2,0,1144
193,2,0,1145
194,2,0,1146
195,2,0,1147
197,2,0,1148
198,2,0,1149
200,2,0,1150
201,2,0,1151
205,2,0,1152
208,2,0,1153
210,2,0,1154
212,2,0,1155
213,3,0,1156
215,1,0,1157
216,2,0,1158
217,2,1,1159
218,2,0,1160
219,2,0,1161
220,1,0,1162
221,2,0,1163
222,2,0,1164
224,2,0,1165
226,2,2,1166
227,1,2,1167
228,2,1,1168
229,1,0,1169
231,2,1,1170
233,2,0,1171
234,2,1,1172
235,2,0,1173
236,2,0,1174
238,2,0,1175
241,2,0,1176
244,2,0,1177
245,1,0,1178
247,2,0,1179
248,2,0,1180
249,1,0,1181
250,3,0,1182
251,2,0,1183
254,3,0,1184
255,2,0,1185
256,2,0,1186
257,2,0,1187
259,3,0,1188
260,3,0,1189
261,2,0,1190
262,2,0,1191
263,1,0,1192
264,1,0,1193
265,2,0,1194
268,2,0,1195
270,1,0,1196
271,2,0,1197
273,3,0,1198
274,2,0,1199
275,3,0,1200
276,1,0,1201
277,1,0,1202
278,2,0,1203
279,3,0,1204
280,3,0,1205
282,2,0,1206
284,1,0,1207
285,2,0,1208
286,2,2,1209
287,0,2,1210
288,2,0,1211
289,3,0,1212
290,2,0,1213
292,2,1,1214
296,1,0,1215
298,2,1,1216
299,2,0,1217
302,2,0,1218
303,2,0,1219
305,3,0,1220
306,2,0,1221
307,2,0,1222
308,2,0,1223
309,2,0,1224
311,2,2,1225
312,2,0,1226
313,2,0,1227
314,2,0,1228
315,3,0,1229
323,2,1,1230
324,1,0,1231
335,2,0,1232
338,2,0,1233
339,2,0,1234
340,1,0,1235
341,2,1,1236
344,3,0,1237
348,2,0,1238
349,3,0,1239
351,1,0,1240
354,2,0,1241
355,2,1,1242
358,2,0,1243
361,2,0,1244
364,2,0,1245
365,3,0,1246
366,2,0,1247
368,2,0,1248
370,2,2,1249
372,4,0,1250
373,2,0,1251
374,2,0,1252
376,2,0,1253
378,2,0,1254
380,2,0,1255
382,2,2,1256
383,2,0,1257
386,3,0,1258
387,3,0,1259
388,2,2,1260
390,1,0,1261
391,2,1,1262
395,2,1,1263
399,2,0,1264
401,2,0,1265
403,2,0,1266
404,2,0,1267
405,2,0,1268
406,2,0,1269
407,2,1,1270
408,3,0,1271
410,2,0,1272
411,2,0,1273
412,1,0,1274
413,3,0,1275
414,1,0,1276
417,1,0,1277
420,2,0,1278
422,2,0,1279
424,3,0,1280
426,2,0,1281
428,2,0,1282
429,2,0,1283
430,1,0,1284
434,2,0,1285
435,2,0,1286
436,2,0,1287
437,2,0,1288
438,3,0,1289
441,2,0,1290
444,1,0,1291
448,2,0,1292
456,2,1,1293
457,1,0,1294
463,2,0,1295
464,2,0,1296
465,2,0,1297
466,2,0,1298
467,2,0,1299
468,2,1,1300
474,2,0,1301
475,2,2,1302
476,2,0,1303
477,2,0,1304
483,3,0,1305
486,2,0,1306
487,2,2,1307
492,2,0,1308
493,2,0,1309
494,1,0,1310
499,2,0,1311
505,3,0,1312
511,2,0,1313
512,2,0,1314
513,2,0,1315
516,2,0,1316
518,1,0,1317
520,1,0,1318
522,2,0,1319
524,2,0,1320
528,2,0,1321
529,2,0,1322
531,2,1,1323
533,2,0,1324
536,2,1,1325
537,2,0,1326
538,1,0,1327
539,1,0,1328
541,2,1,1329
542,2,0,1330
543,2,0,1331
547,2,0,1332
551,2,0,1333
554,1,2,1334
562,3,0,1335
563,2,0,1336
567,1,0,1337
568,2,0,1338
570,1,0,1339
573,1,0,1340
575,2,0,1341
578,2,0,1342
580,2,0,1343
581,2,0,1344
585,1,0,1345
586,2,0,1346
588,2,0,1347
589,3,0,1348
590,2,0,1349
591,2,0,1350
593,2,0,1351
594,1,0,1352
595,3,0,1353
597,2,0,1354
598,2,0,1355
608,2,0,1356
609,2,0,1357
614,2,2,1358
616,1,0,1359
617,2,0,1360
621,2,0,1361
622,2,2,1362
625,2,0,1363
627,2,0,1364
633,2,0,1365
634,2,0,1366
638,3,0,1367
640,1,0,1368
644,2,0,1369
645,3,0,1370
646,2,0,1371
648,2,0,1372
649,1,0,1373
653,0,2,1374
655,2,0,1375
656,2,0,1376
657,4,0,1377
661,2,0,1378
663,1,0,1379
664,2,1,1380
666,1,0,1381
667,2,0,1382
675,2,0,1383
678,1,0,1384
680,2,0,1385
681,2,2,1386
683,2,1,1387
686,2,0,1388
687,2,0,1389
689,1,0,1390
691,2,0,1391
694,2,0,1392
698,2,0,1393
700,2,0,1394
703,3,0,1395
705,2,0,1396
706,1,1,1397
711,2,0,1398
712,2,0,1399
713,2,0,1400
716,2,0,1401
717,2,0,1402
719,3,0,1403
722,2,0,1404
723,2,0,1405
728,2,0,1406
729,2,0,1407
732,2,2,1408
733,2,0,1409
735,2,0,1410
736,2,0,1411
737,2,0,1412
739,2,0,1413
740,1,0,1414
746,3,0,1415
747,1,0,1416
748,3,0,1417
753,2,1,1418
758,3,0,1419
760,1,2,1420
761,2,0,1421
762,2,0,1422
766,2,0,1423
768,2,0,1424
771,2,0,1425
772,2,1,1426
773,2,0,1427
782,3,0,1428
783,2,0,1429
786,2,0,1430
787,1,0,1431
792,2,0,1432
796,1,0,1433
798,2,0,1434
799,2,0,1435
802,1,0,1436
803,1,0,1437
809,1,0,1438
812,2,0,1439
813,1,0,1440
816,2,1,1441
818,2,0,1442
819,1,0,1443
820,1,0,1444
829,2,0,1445
835,1,0,1446
840,2,0,1447
841,1,0,1448
843,1,0,1449
849,2,0,1450
852,2,1,1451
856,1,0,1452
857,2,0,1453
859,2,1,1454
876,2,1,1455
882,2,0,1456
883,2,0,1457
885,2,0,1458
890,1,0,1459
896,2,0,1460
898,1,0,1461
901,2,1,1462
903,2,0,1463
912,2,0,1464
917,1,0,1465
918,1,0,1466
919,2,0,1467
920,2,0,1468
925,2,0,1469
927,2,0,1470
930,2,0,1471
933,2,1,1472
935,2,0,1473
937,0,2,1474
939,2,0,1475
940,1,0,1476
943,2,0,1477
944,2,0,1478
950,2,0,1479
954,0,2,1480
955,2,0,1481
956,1,0,1482
957,2,2,1483
961,2,0,1484
966,2,0,1485
973,2,0,1486
979,2,0,1487
981,3,0,1488
984,2,0,1489
985,1,0,1490
986,2,0,1491
991,3,0,1492
992,1,0,1493
994,2,0,1494
997,1,0,1495
999,2,0,1496
1003,2,0,1497
1004,2,0,1498
1008,2,0,1499
1009,3,1,1500
1010,3,0,1501
1014,2,0,1502
1015,3,0,1503
1016,2,0,1504
1017,2,1,1505
1019,1,2,1506
1021,2,0,1507
1026,3,0,1508
1028,2,0,1509
1035,2,0,1510
1037,2,0,1511
1038,1,0,1512
1041,2,1,1513
1042,2,0,1514
1043,1,0,1515
1050,1,0,1516
1052,2,1,1517
1055,2,0,1518
1062,1,0,1519
1063,2,0,1520
1064,2,0,1521
1067,2,0,1522
1071,2,1,1523
1073,3,0,1524
1074,2,0,1525
1075,2,0,1526
1078,2,0,1527
1082,2,0,1528
1087,1,0,1529
1096,3,0,1530
1097,2,0,1531
1104,3,0,1532
1106,2,0,1533
1109,1,0,1534
1112,2,0,1535
1118,2,0,1536
1122,2,0,1537
1124,1,0,1538
1129,2,0,1539
1130,2,0,1540
1131,2,0,1541
1133,2,0,1542
1135,2,1,1543
1136,2,2,1544
1142,1,0,1545
1143,2,0,1546
1145,1,0,1547
1146,2,0,1548
1147,2,1,1549
1149,2,2,1550
1150,1,0,1551
1151,3,0,1552
1154,1,0,1553
1156,1,0,1554
1157,2,0,1555
1160,2,0,1556
1162,3,0,1557
1167,2,2,1558
1168,2,0,1559
1169,1,0,1560
1172,2,0,1561
1174,2,1,1562
1180,1,0,1563
1181,2,1,1564
1183,2,0,1565
1187,2,1,1566
1194,2,0,1567
1199,3,0,1568
1201,2,0,1569
1202,2,0,1570
1203,2,0,1571
1206,2,0,1572
1207,2,0,1573
1211,2,0,1574
1212,2,0,1575
1219,2,0,1576
1220,2,0,1577
1223,1,0,1578
1225,2,0,1579
1229,2,1,1580
1233,2,0,1581
1234,2,2,1582
1235,2,0,1583
1237,1,0,1584
1245,2,0,1585
1247,2,0,1586
1248,1,0,1587
1250,1,0,1588
1253,2,0,1589
1254,1,0,1590
1257,2,0,1591
1259,2,0,1592
1261,1,0,1593
1262,2,1,1594
1263,2,0,1595
1268,2,0,1596
1269,1,0,1597
1272,3,0,1598
1274,3,0,1599
1275,2,1,1600
1276,3,0,1601
1277,2,0,1602
1278,1,0,1603
1281,1,0,1604
1282,1,0,1605
1286,1,0,1606
1287,2,0,1607
1288,2,0,1608
1289,1,0,1609
1292,2,1,1610
1294,2,0,1611
1296,2,0,1612
1299,2,0,1613
1302,3,0,1614
1304,2,0,1615
1305,2,0,1616
1306,2,0,1617
1307,2,0,1618
1309,2,0,1619
1311,2,0,1620
1312,2,0,1621
1317,2,0,1622
1320,2,2,1623
1321,2,0,1624
1325,2,0,1625
1327,2,0,1626
1328,2,0,1627
1331,2,0,1628
1333,2,0,1629
1338,3,0,1630
1341,2,0,1631
1345,1,0,1632
1350,2,0,1633
1351,2,0,1634
1353,2,0,1635
1355,1,0,1636
1359,2,0,1637
1360,1,0,1638
1362,1,0,1639
1363,3,0,1640
1364,2,0,1641
1365,2,1,1642
1367,2,1,1643
1370,1,0,1644
1372,2,0,1645
1373,1,0,1646
1374,2,0,1647
1380,2,2,1648
1381,2,0,1649
1387,2,0,1650
1395,0,1,1651
1403,3,0,1652
1410,2,0,1653
1411,2,1,1654
1419,2,0,1655
1422,2,2,1656
1426,2,0,1657
1427,2,0,1658
1430,1,0,1659
1431,3,0,1660
1434,2,0,1661
1436,3,0,1662
1437,3,0,1663
1438,2,0,1664
1440,2,0,1665
1442,2,0,1666
1444,2,1,1667
1445,3,0,1668
1450,2,0,1669
1454,2,0,1670
1458,2,0,1671
1463,2,0,1672
1465,2,0,1673
1467,2,0,1674
1468,1,0,1675
1469,2,1,1676
1474,2,0,1677
1475,2,0,1678
1479,1,0,1679
1481,2,0,1680
1482,2,0,1681
1484,2,0,1682
1485,2,0,1683
1486,2,2,1684
1491,2,0,1685
1492,2,0,1686
1497,1,0,1687
1499,2,0,1688
1500,2,0,1689
1505,2,0,1690
1508,3,0,1691
1510,2,1,1692
1512,2,0,1693
1516,2,0,1694
1517,2,0,1695
1518,1,0,1696
1519,2,1,1697
1520,2,0,1698
1521,2,0,1699
1522,2,0,1700
1523,2,0,1701
1525,2,0,1702
1527,2,0,1703
1531,2,0,1704
1536,2,0,1705
1539,2,0,1706
1540,2,0,1707
1544,2,0,1708
1545,2,1,1709
1550,2,0,1710
1551,2,0,1711
1553,2,0,1712
1557,2,0,1713
1562,1,0,1714
1563,2,0,1715
1564,3,1,1716
1568,2,0,1717
1569,3,0,1718
1570,2,0,1719
1576,2,1,1720
1584,2,0,1721
1589,2,0,1722
1594,1,0,1723
1597,2,0,1724
1601,2,1,1725
1605,2,0,1726
1606,2,0,1727
1607,2,0,1728
1608,3,0,1729
1609,2,0,1730
1611,2,0,1731
1614,2,0,1732
1615,2,0,1733
1616,2,0,1734
1618,1,0,1735
1623,2,0,1736
1634,2,0,1737
1636,2,0,1738
1639,2,0,1739
1642,2,0,1740
1645,1,0,1741
1651,2,0,1742
1655,2,0,1743
1656,2,0,1744
1658,1,0,1745
1660,0,2,1746
1661,2,0,1747
1665,1,0,1748
1668,2,0,1749
1669,2,1,1750
1671,3,0,1751
1673,2,0,1752
1675,2,1,1753
1676,2,0,1754
1677,3,0,1755
1679,2,1,1756
1685,3,0,1757
1687,1,1,1758
1688,1,0,1759
1689,3,0,1760
1697,3,0,1761
1713,2,2,1762
1717,2,0,1763
1718,1,2,1764
1720,2,0,1765
1727,3,0,1766
1728,2,0,1767
1735,2,0,1768
1737,2,2,1769
1738,2,0,1770
1745,1,0,1771
1749,1,0,1772
1752,2,0,1773
1758,2,0,1774
1761,2,0,1775
1764,1,0,1776
1765,2,0,1777
1766,2,0,1778
1768,1,0,1779
1770,2,0,1780
1771,2,0,1781
1772,2,0,1782
1778,3,0,1783
1779,2,0,1784
1785,3,0,1785
1787,2,2,1786
1788,2,0,1787
1789,3,0,1788
1790,3,0,1789
1793,1,0,1790
1794,1,0,1791
1795,2,0,1792
1800,1,0,1793
1801,2,0,1794
1806,2,1,1795
1809,2,0,1796
1812,2,0,1797
1813,1,1,1798
1817,1,0,1799
1820,2,1,1800
1823,2,0,1801
1827,2,1,1802
1831,1,0,1803
1832,3,0,1804
1837,2,1,1805
1844,2,0,1806
1846,2,0,1807
1847,2,0,1808
1854,2,0,1809
1855,2,0,1810
1861,2,0,1811
1862,2,0,1812
1866,2,1,1813
1867,1,0,1814
1870,2,1,1815
1872,2,0,1816
1875,1,0,1817
1878,2,0,1818
1879,1,0,1819
1880,2,0,1820
1883,2,0,1821
1884,1,0,1822
1885,1,0,1823
1891,3,0,1824
1892,2,0,1825
1900,2,1,1826
1901,3,0,1827
1902,2,2,1828
1906,2,0,1829
1908,2,0,1830
1912,1,0,1831
1929,2,1,1832
1930,1,0,1833
1932,2,0,1834
1937,2,1,1835
1939,3,0,1836
1942,2,0,1837
1946,1,0,1838
1951,2,1,1839
1956,2,0,1840
1958,2,0,1841
1961,3,0,1842
1969,2,1,1843
1970,2,2,1844
1975,1,0,1845
1982,2,2,1846
1983,3,0,1847
1987,2,2,1848
1990,3,0,1849
1999,2,0,1850
2000,2,0,1851
2001,2,2,1852
2002,2,0,1853
2004,2,0,1854
2006,3,0,1855
2007,1,0,1856
2015,2,0,1857
2019,2,0,1858
2021,1,0,1859
2022,2,0,1860
2023,2,0,1861
2024,1,0,1862
2025,2,2,1863
2028,2,1,1864
2039,1,0,1865
2040,2,1,1866
2041,2,1,1867
2043,3,0,1868
2046,2,0,1869
2047,2,0,1870
2051,3,0,1871
2052,2,0,1872
2054,2,0,1873
2056,2,0,1874
2058,3,0,1875
2059,3,0,1876
2060,2,0,1877
2065,2,0,1878
2070,1,0,1879
2071,2,0,1880
2076,2,1,1881
2079,2,2,1882
2082,1,0,1883
2083,2,0,1884
2084,2,2,1885
2086,2,0,1886
2090,2,0,1887
2094,1,0,1888
2095,2,0,1889
2096,2,0,1890
2099,1,1,1891
2103,2,0,1892
2104,1,0,1893
2107,2,1,1894
2110,2,0,1895
2116,2,0,1896
2124,2,1,1897
2130,2,0,1898
2133,2,0,1899
2134,2,0,1900
2137,2,0,1901
2138,3,0,1902
2139,1,0,1903
2145,1,0,1904
2148,2,0,1905
2156,3,0,1906
2157,3,0,1907
2159,2,1,1908
2166,1,0,1909
2174,1,2,1910
2176,2,0,1911
2177,2,0,1912
2182,2,0,1913
2187,2,0,1914
2189,2,1,1915
2190,3,0,1916
2198,2,0,1917
2199,2,2,1918
2200,1,0,1919
2208,2,0,1920
2211,1,0,1921
2218,2,0,1922
2219,2,2,1923
2220,1,0,1924
2223,2,0,1925
2225,1,0,1926
2231,2,0,1927
2233,2,0,1928
2237,1,0,1929
2241,1,0,1930
2249,2,0,1931
2257,1,0,1932
2260,3,0,1933
2265,2,0,1934
2267,2,0,1935
2274,2,0,1936
2288,2,0,1937
2291,3,0,1938
2296,1,0,1939
2297,3,0,1940
2302,2,2,1941
2305,2,0,1942
2308,0,2,1943
2309,2,0,1944
2311,2,0,1945
2313,1,0,1946
2316,2,0,1947
2317,3,0,1948
2318,2,0,1949
2321,2,0,1950
2322,2,0,1951
2323,2,0,1952
2324,2,0,1953
2325,1,0,1954
2328,2,0,1955
2329,2,0,1956
2331,0,2,1957
2340,2,0,1958
2353,1,1,1959
2355,2,0,1960
2357,2,0,1961
2359,2,0,1962
2363,3,0,1963
2364,2,0,1964
2368,2,1,1965
2370,2,0,1966
2371,2,1,1967
2372,2,1,1968
2377,2,1,1969
2379,2,0,1970
2384,1,0,1971
2390,2,0,1972
2394,2,0,1973
2395,3,0,1974
2396,2,0,1975
2401,2,2,1976
2409,2,2,1977
2411,2,0,1978
2413,2,1,1979
2421,2,0,1980
2429,1,0,1981
2430,2,0,1982
2431,2,0,1983
2434,2,2,1984
2440,3,0,1985
2441,2,0,1986
2442,2,0,1987
2443,3,0,1988
2444,2,0,1989
2448,1,0,1990
2449,1,1,1991
2458,3,0,1992
2460,2,1,1993
2465,1,0,1994
2467,2,0,1995
2469,2,2,1996
2474,2,2,1997
2479,1,0,1998
2481,2,0,1999
2495,2,1,2000
2503,2,0,2001
2504,1,0,2002
2506,3,0,2003
2508,2,0,2004
2509,2,0,2005
2521,2,0,2006
2522,2,0,2007
2526,2,2,2008
2530,1,0,2009
2534,1,0,2010
2544,2,0,2011
2547,2,0,2012
2549,1,0,2013
2553,1,0,2014
2555,2,0,2015
2558,1,0,2016
2559,2,1,2017
2564,2,0,2018
2565,1,0,2019
2567,1,1,2020
2569,2,2,2021
2570,2,0,2022
2575,1,0,2023
2577,2,0,2024
2579,2,0,2025
2585,2,0,2026
2588,2,0,2027
2591,2,0,2028
2595,1,0,2029
2597,2,1,2030
2599,2,0,2031
2600,1,0,2032
2602,1,0,2033
2607,2,0,2034
2609,2,2,2035
2613,1,0,2036
2616,2,0,2037
2618,2,1,2038
2620,1,0,2039
2623,2,0,2040
2626,2,0,2041
2630,2,0,2042
2632,2,0,2043
2638,2,2,2044
2641,2,0,2045
2651,2,0,2046
2652,2,0,2047
2657,2,2,2048
2658,3,0,2049
2662,1,0,2050
2667,1,0,2051
2669,2,0,2052
2670,2,0,2053
2674,2,0,2054
2675,2,0,2055
2680,2,0,2056
2685,1,0,2057
2687,2,0,2058
2692,2,0,2059
2701,2,0,2060
2708,2,0,2061
2710,2,0,2062
2714,2,0,2063
2721,2,0,2064
2724,3,0,2065
2726,2,0,2066
2728,2,0,2067
2732,2,0,2068
2739,1,0,2069
2741,2,0,2070
2743,3,0,2071
2744,2,0,2072
2752,2,2,2073
2753,2,0,2074
2755,2,1,2075
2765,2,0,2076
2768,2,0,2077
2774,1,0,2078
2775,1,0,2079
2779,1,0,2080
2781,2,0,2081
2783,2,0,2082
2784,1,0,2083
2790,2,1,2084
2791,2,0,2085
2792,2,2,2086
2794,2,0,2087
2798,2,1,2088
2799,2,0,2089
2802,2,0,2090
2811,1,0,2091
2814,3,0,2092
2816,2,0,2093
2820,1,0,2094
2825,2,0,2095
2827,2,0,2096
2828,2,0,2097
2830,3,0,2098
2836,2,0,2099
2837,2,2,2100
2844,2,0,2101
2855,3,0,2102
2861,2,0,2103
2863,3,0,2104
2872,2,0,2105
2873,0,2,2106
2874,2,0,2107
2877,2,0,2108
2879,2,0,2109
2882,2,0,2110
2884,2,0,2111
2889,2,0,2112
2890,2,0,2113
2891,2,0,2114
2895,2,0,2115
2898,2,2,2116
2902,2,0,2117
2908,2,0,2118
2909,2,0,2119
2910,2,0,2120
2914,2,0,2121
2915,2,0,2122
2934,1,0,2123
2936,3,0,2124
2940,2,0,2125
2941,3,0,2126
2944,2,0,2127
2945,2,0,2128
2946,2,0,2129
2947,2,1,2130
2948,2,0,2131
2949,1,0,2132
2950,2,0,2133
2964,0,2,2134
2965,2,0,2135
2970,2,1,2136
2972,1,0,2137
2978,2,0,2138
2980,2,0,2139
2992,1,0,2140
2995,2,0,2141
3000,2,0,2142
3002,2,0,2143
3004,2,0,2144
3005,2,0,2145
3008,2,0,2146
3019,2,0,2147
3022,2,0,2148
3027,2,0,2149
3031,2,0,2150
3032,2,0,2151
3039,2,0,2152
3045,3,0,2153
3047,2,0,2154
3055,1,0,2155
3059,3,0,2156
3062,2,0,2157
3064,2,0,2158
3072,1,0,2159
3076,1,2,2160
3077,2,1,2161
3087,2,0,2162
3088,3,0,2163
3089,2,0,2164
3090,2,0,2165
3091,2,0,2166
3092,2,0,2167
3094,2,1,2168
3095,2,0,2169
3098,2,0,2170
3110,3,0,2171
3112,2,1,2172
3114,3,0,2173
3115,2,0,2174
3116,2,0,2175
3117,3,0,2176
3119,2,0,2177
3129,1,0,2178
3132,3,0,2179
3133,2,0,2180
3136,2,0,2181
3137,2,1,2182
3138,2,0,2183
3139,2,0,2184
3141,2,0,2185
3144,3,0,2186
3152,2,0,2187
3153,4,0,2188
3160,2,0,2189
3162,3,0,2190
3166,1,0,2191
3170,1,0,2192
3188,2,0,2193
3189,2,0,2194
3191,2,0,2195
3195,3,0,2196
3198,2,0,2197
3202,2,0,2198
3207,1,0,2199
3208,2,2,2200
3210,1,0,2201
3229,2,0,2202
3230,3,0,2203
3232,2,0,2204
3238,1,0,2205
3239,1,0,2206
3240,2,1,2207
3250,0,2,2208
3251,3,0,2209
3253,2,0,2210
3255,2,1,2211
3257,3,0,2212
3260,1,0,2213
3265,1,0,2214
3282,1,0,2215
3287,2,0,2216
3289,1,0,2217
3290,2,0,2218
3294,2,0,2219
3296,2,1,2220
3301,2,0,2221
3306,2,2,2222
3309,2,0,2223
3312,2,0,2224
3315,2,0,2225
3316,2,1,2226
3320,2,0,2227
3326,1,0,2228
3328,2,0,2229
3332,2,0,2230
3333,2,0,2231
3336,2,2,2232
3340,1,0,2233
3349,2,0,2234
3351,2,1,2235
3355,2,1,2236
3356,2,0,2237
3357,3,0,2238
3366,1,0,2239
3367,2,0,2240
3372,2,0,2241
3377,2,0,2242
3384,2,0,2243
3385,2,0,2244
3386,2,0,2245
3388,2,2,2246
3389,2,0,2247
3390,2,0,2248
3394,1,0,2249
3398,2,1,2250
3399,2,0,2251
3405,2,0,2252
3409,1,0,2253
3410,2,0,2254
3412,2,0,2255
3416,1,0,2256
3419,2,1,2257
3424,2,0,2258
3430,2,0,2259
3435,3,0,2260
3439,2,0,2261
3442,3,0,2262
3444,2,0,2263
3445,3,0,2264
3449,2,0,2265
3450,2,2,2266
3459,2,0,2267
3464,1,0,2268
3465,2,0,2269
3469,3,0,2270
3471,2,0,2271
3472,2,0,2272
3473,1,0,2273
3474,2,0,2274
3477,0,2,2275
3479,2,0,2276
3480,2,0,2277
3485,2,1,2278
3486,2,1,2279
3488,1,0,2280
3491,2,0,2281
3496,2,0,2282
3497,2,2,2283
3499,3,0,2284
3500,2,1,2285
3501,2,0,2286
3510,2,0,2287
3512,2,0,2288
3514,2,0,2289
3515,2,0,2290
3517,2,1,2291
3518,1,0,2292
3528,2,0,2293
3529,2,0,2294
3547,2,0,2295
3556,2,0,2296
3557,1,0,2297
3559,3,0,2298
3561,2,0,2299
3564,2,0,2300
3569,2,0,2301
3572,1,0,2302
3584,2,0,2303
3585,2,1,2304
3587,2,0,2305
3588,2,0,2306
3590,1,0,2307
3591,2,0,2308
3594,2,0,2309
3599,2,0,2310
3600,2,1,2311
3601,3,0,2312
3602,3,0,2313
3606,2,0,2314
3607,3,0,2315
3608,2,0,2316
3612,2,2,2317
3613,3,0,2318
3618,2,0,2319
3620,1,0,2320
3629,1,0,2321
3633,2,0,2322
3637,2,2,2323
3640,2,0,2324
3642,2,0,2325
3669,2,0,2326
3670,1,0,2327
3674,2,2,2328
3675,3,0,2329
3676,1,0,2330
3677,1,0,2331
3678,2,1,2332
3681,2,1,2333
3683,2,0,2334
3685,2,0,2335
3688,2,0,2336
3689,1,1,2337
3690,2,0,2338
3691,2,0,2339
3693,2,2,2340
3700,1,0,2341
3702,0,2,2342
3704,1,0,2343
3707,2,0,2344
3709,2,0,2345
3716,0,2,2346
3720,2,0,2347
3723,1,0,2348
3729,2,0,2349
3730,2,0,2350
3733,2,0,2351
3740,2,1,2352
3745,2,0,2353
3749,2,1,2354
3750,2,0,2355
3763,2,1,2356
3764,2,0,2357
3767,2,0,2358
3769,2,0,2359
3774,2,0,2360
3776,1,0,2361
3784,1,0,2362
3786,2,1,2363
3788,2,2,2364
3790,2,0,2365
3792,1,0,2366
3794,3,0,2367
3802,2,1,2368
3806,3,0,2369
3809,2,0,2370
3810,2,0,2371
3811,2,0,2372
3813,2,1,2373
3814,2,0,2374
3815,2,1,2375
3817,2,1,2376
3826,2,1,2377
3829,2,0,2378
3840,1,0,2379
3842,2,0,2380
3857,2,0,2381
3859,2,0,2382
3860,2,0,2383
3870,1,0,2384
3873,3,0,2385
3879,2,0,2386
3886,1,0,2387
3894,2,0,2388
3895,2,0,2389
3901,2,0,2390
3904,2,0,2391
3905,2,1,2392
3911,2,0,2393
3912,2,0,2394
3915,3,0,2395
3917,2,0,2396
3920,2,0,2397
3921,2,0,2398
3922,2,1,2399
3929,1,2,2400
3930,0,2,2401
3938,2,2,2402
3939,2,0,2403
3942,3,0,2404
3945,2,0,2405
3954,2,0,2406
3955,2,0,2407
3959,2,0,2408
3960,2,0,2409
3961,2,0,2410
3968,2,0,2411
3969,1,0,2412
3970,1,0,2413
3972,2,0,2414
3973,0,2,2415
3974,2,0,2416
3975,0,2,2417
3980,3,0,2418
3983,2,0,2419
3987,2,0,2420
3988,2,1,2421
4004,3,0,2422
4007,2,0,2423
4009,2,2,2424
4016,2,1,2425
4017,2,1,2426
4018,2,0,2427
4024,2,0,2428
4029,2,0,2429
4030,2,0,2430
4032,3,0,2431
4033,2,0,2432
4041,2,0,2433
4042,2,1,2434
4047,2,0,2435
4049,2,0,2436
4073,2,0,2437
4075,2,0,2438
4076,2,0,2439
4078,2,0,2440
4084,2,1,2441
4087,3,0,2442
4094,2,1,2443
4098,3,0,2444
4104,2,0,2445
4106,2,0,2446
4108,2,2,2447
4118,1,0,2448
4122,1,0,2449
4143,3,0,2450
4149,2,2,2451
4150,2,2,2452
4153,2,0,2453
4154,2,0,2454
4160,2,0,2455
4164,3,0,2456
4165,3,0,2457
4170,2,0,2458
4171,2,0,2459
4173,2,0,2460
4175,2,0,2461
4188,3,0,2462
4189,1,0,2463
4193,2,2,2464
4197,2,0,2465
4199,3,0,2466
4200,2,0,2467
4203,1,0,2468
4204,2,1,2469
4210,2,0,2470
4216,1,0,2471
4218,2,0,2472
4221,2,0,2473
4227,2,0,2474
4236,2,0,2475
4251,2,1,2476
4252,1,0,2477
4258,2,0,2478
4260,1,0,2479
4264,2,0,2480
4272,2,0,2481
4273,2,0,2482
4276,2,0,2483
4281,2,2,2484
4286,1,0,2485
4287,2,0,2486
4300,2,0,2487
4303,2,0,2488
4304,1,0,2489
4305,3,0,2490
4318,2,0,2491
4322,2,0,2492
4323,2,1,2493
4324,2,1,2494
4349,2,2,2495
4354,2,0,2496
4356,2,0,2497
4363,2,2,2498
4375,2,0,2499
4379,2,0,2500
4385,3,0,2501
4388,2,1,2502
4394,2,0,2503
4396,3,0,2504
4399,2,1,2505
4401,0,2,2506
4403,1,0,2507
4405,2,0,2508
4411,2,0,2509
4412,2,0,2510
4415,1,0,2511
4418,2,0,2512
4428,2,1,2513
4431,1,0,2514
4436,2,0,2515
4437,2,0,2516
4439,2,0,2517
4446,2,0,2518
4447,2,0,2519
4451,2,0,2520
4452,2,0,2521
4455,1,1,2522
4457,2,2,2523
4459,1,0,2524
4460,2,2,2525
4461,3,0,2526
4464,1,0,2527
4470,2,0,2528
4473,2,0,2529
4475,1,0,2530
4479,2,0,2531
4483,2,0,2532
4493,2,0,2533
4495,3,0,2534
4505,2,1,2535
4513,2,0,2536
4518,2,0,2537
4521,2,0,2538
4529,2,0,2539
4530,3,0,2540
4531,2,0,2541
4542,2,0,2542
4543,2,0,2543
4546,2,0,2544
4555,2,0,2545
4556,2,0,2546
4560,2,0,2547
4566,3,0,2548
4567,2,1,2549
4570,2,0,2550
4571,1,0,2551
4583,2,0,2552
4588,1,0,2553
4589,2,0,2554
4594,2,1,2555
4601,1,0,2556
4605,2,1,2557
4606,1,0,2558
4608,2,0,2559
4609,2,0,2560
4612,0,2,2561
4613,1,0,2562
4614,2,0,2563
4622,3,1,2564
4623,1,0,2565
4628,3,0,2566
4639,1,0,2567
4643,2,0,2568
4651,3,0,2569
4653,2,0,2570
4657,2,0,2571
4663,3,0,2572
4664,2,0,2573
4667,2,2,2574
4668,2,0,2575
4670,1,2,2576
4672,1,0,2577
4692,2,0,2578
4693,2,1,2579
4694,2,2,2580
4698,2,0,2581
4702,2,0,2582
4710,3,0,2583
4712,2,1,2584
4715,2,0,2585
4719,2,1,2586
4721,2,0,2587
4722,2,0,2588
4723,2,0,2589
4734,2,2,2590
4735,2,0,2591
4738,2,0,2592
4741,1,0,2593
4744,2,1,2594
4746,2,2,2595
4749,2,1,2596
4757,2,0,2597
4763,2,0,2598
4767,2,1,2599
4782,2,0,2600
4783,2,0,2601
4788,1,0,2602
4789,1,0,2603
4792,2,2,2604
4795,2,0,2605
4807,1,0,2606
4808,2,0,2607
4815,0,2,2608
4816,2,0,2609
4819,3,0,2610
4821,2,0,2611
4829,2,0,2612
4837,1,0,2613
4838,3,0,2614
4845,3,0,2615
4861,3,0,2616
4863,3,0,2617
4872,2,0,2618
4878,2,1,2619
4890,2,1,2620
4894,2,0,2621
4899,0,2,2622
4904,1,0,2623
4914,2,0,2624
4918,2,0,2625
4927,2,0,2626
4930,2,0,2627
4933,1,1,2628
4934,1,0,2629
4938,2,0,2630
4940,2,0,2631
4945,2,0,2632
4947,2,0,2633
4948,2,0,2634
4950,2,0,2635
4952,1,2,2636
4957,1,0,2637
4961,1,0,2638
4964,2,0,2639
4965,2,2,2640
4967,2,1,2641
4973,2,1,2642
4974,2,0,2643
4983,2,0,2644
4986,1,1,2645
4987,2,0,2646
4990,2,0,2647
4991,2,0,2648
4999,1,0,2649
5006,1,0,2650
5014,2,0,2651
5017,2,0,2652
5022,2,0,2653
5027,3,0,2654
5032,2,2,2655
5039,2,2,2656
5041,3,0,2657
5042,2,0,2658
5045,2,1,2659
5056,2,0,2660
5062,2,0,2661
5063,2,1,2662
5069,1,0,2663
5072,2,1,2664
5077,2,0,2665
5084,2,0,2666
5089,3,0,2667
5091,2,0,2668
5093,1,0,2669
5102,2,0,2670
5103,2,0,2671
5104,2,0,2672
5108,2,0,2673
5119,2,0,2674
5122,1,0,2675
5123,2,0,2676
5125,1,0,2677
5149,2,0,2678
5154,2,0,2679
5158,2,0,2680
5163,2,2,2681
5164,1,0,2682
5165,2,0,2683
5166,3,0,2684
5168,2,0,2685
5170,2,1,2686
5172,2,0,2687
5177,2,0,2688
5179,3,2,2689
5183,1,0,2690
5189,1,0,2691
5190,2,1,2692
5193,2,0,2693
5198,1,0,2694
5199,2,0,2695
5206,2,0,2696
5212,2,2,2697
5218,2,0,2698
5221,1,0,2699
5222,1,0,2700
5223,2,0,2701
5225,2,0,2702
5226,2,0,2703
5243,2,0,2704
5263,3,0,2705
5265,2,2,2706
5268,2,2,2707
5269,2,0,2708
5270,2,0,2709
5273,2,0,2710
5279,2,0,2711
5289,2,0,2712
5295,0,2,2713
5297,2,0,2714
5298,1,0,2715
5299,2,0,2716
5320,1,0,2717
5325,2,0,2718
5329,2,0,2719
5330,2,0,2720
5331,3,0,2721
5334,2,2,2722
5338,2,0,2723
5352,2,2,2724
5356,2,0,2725
5358,3,0,2726
5362,2,1,2727
5363,3,0,2728
5365,1,0,2729
5367,2,0,2730
5378,2,0,2731
5380,2,0,2732
5389,2,0,2733
5393,2,0,2734
5396,1,0,2735
5401,2,0,2736
5404,1,0,2737
5405,2,0,2738
5412,2,0,2739
5427,2,2,2740
5442,2,0,2741
5443,3,0,2742
5445,1,0,2743
5451,2,0,2744
5452,2,0,2745
5459,2,2,2746
5481,2,0,2747
5483,2,0,2748
5487,2,2,2749
5490,2,0,2750
5493,2,1,2751
5497,2,0,2752
5505,3,0,2753
5510,1,0,2754
5524,2,0,2755
5526,2,0,2756
5528,1,0,2757
5531,2,0,2758
5536,2,0,2759
5538,2,0,2760
5544,1,1,2761
5546,2,0,2762
5550,2,1,2763
5551,1,0,2764
5569,2,0,2765
5578,1,0,2766
5581,3,0,2767
5586,1,0,2768
5598,2,2,2769
5601,2,1,2770
5603,3,0,2771
5622,3,0,2772
5631,2,0,2773
5636,2,0,2774
5643,2,0,2775
5657,2,3,2776
5658,2,0,2777
5664,2,0,2778
5674,2,2,2779
5676,2,1,2780
5678,3,0,2781
5679,2,0,2782
5691,1,0,2783
5701,3,0,2784
5702,2,0,2785
5703,1,0,2786
5709,2,0,2787
5713,1,0,2788
5714,2,0,2789
5718,2,1,2790
5719,2,0,2791
5727,2,2,2792
5730,2,1,2793
5731,2,0,2794
5737,2,0,2795
5742,2,1,2796
5744,2,0,2797
5745,2,0,2798
5748,2,2,2799
5749,2,0,2800
5751,2,0,2801
5764,2,0,2802
5765,2,0,2803
5768,1,0,2804
5780,2,0,2805
5782,2,0,2806
5790,3,0,2807
5796,2,0,2808
5798,2,0,2809
5810,1,0,2810
5811,1,0,2811
5813,2,1,2812
5814,1,0,2813
5819,2,1,2814
5820,2,0,2815
5821,1,0,2816
5827,2,0,2817
5838,0,2,2818
5840,2,0,2819
5841,2,0,2820
5847,1,0,2821
5851,2,0,2822
5854,2,0,2823
5858,2,0,2824
5871,1,0,2825
5872,2,1,2826
5874,2,0,2827
5875,3,0,2828
5877,2,0,2829
5885,2,1,2830
5886,2,1,2831
5900,2,0,2832
5907,2,0,2833
5915,2,0,2834
5917,1,0,2835
5918,3,0,2836
5926,1,0,2837
5941,2,0,2838
5950,2,0,2839
5955,2,0,2840
5963,1,0,2841
5969,1,0,2842
5972,2,0,2843
5975,2,0,2844
5978,3,0,2845
5995,1,0,2846
6009,2,1,2847
6010,1,0,2848
6012,2,0,2849
6014,2,0,2850
6016,3,0,2851
6029,2,1,2852
6030,1,0,2853
6041,1,0,2854
6043,3,0,2855
6044,2,0,2856
6050,2,0,2857
6055,2,0,2858
6056,2,2,2859
6058,2,0,2860
6066,2,0,2861
6072,2,0,2862
6091,2,1,2863
6097,2,0,2864
6104,1,0,2865
6108,2,0,2866
6117,2,0,2867
6121,2,0,2868
6125,2,0,2869
6130,1,0,2870
6137,2,0,2871
6143,3,0,2872
6145,2,0,2873
6148,1,0,2874
6162,2,0,2875
6170,2,0,2876
6177,2,0,2877
6186,2,0,2878
6194,1,0,2879
6196,3,1,2880
6201,2,0,2881
6212,2,0,2882
6224,2,2,2883
6226,0,2,2884
6229,1,0,2885
6234,1,0,2886
6246,2,0,2887
6251,2,0,2888
6256,2,0,2889
6258,2,0,2890
6267,2,0,2891
6268,1,0,2892
6281,2,0,2893
6284,1,0,2894
6286,2,2,2895
6288,1,0,2896
6290,2,2,2897
6291,2,1,2898
6292,2,0,2899
6293,1,0,2900
6300,2,0,2901
6301,3,0,2902
6306,2,1,2903
6307,2,1,2904
6309,2,0,2905
6311,2,0,2906
6314,2,0,2907
6315,2,0,2908
6318,1,0,2909
6327,2,0,2910
6330,2,0,2911
6332,2,0,2912
6335,2,2,2913
6336,3,0,2914
6338,2,10,2915
6339,1,0,2916
6351,1,0,2917
6352,2,1,2918
6354,2,0,2919
6367,2,0,2920
6369,2,2,2921
6374,2,2,2922
6375,1,0,2923
6378,2,0,2924
6395,2,0,2925
6402,1,0,2926
6404,2,0,2927
6405,0,2,2928
6407,2,1,2929
6411,1,0,2930
6414,3,0,2931
6422,2,0,2932
6433,2,0,2933
6436,3,0,2934
6437,2,1,2935
6443,3,0,2936
6445,2,0,2937
6448,2,1,2938
6465,1,0,2939
6477,2,0,2940
6479,2,1,2941
6486,1,0,2942
6499,2,0,2943
6500,2,1,2944
6502,3,0,2945
6515,2,0,2946
6518,2,0,2947
6526,2,0,2948
6528,2,0,2949
6537,2,0,2950
6542,2,0,2951
6545,2,2,2952
6547,1,0,2953
6548,3,0,2954
6552,2,0,2955
6560,3,0,2956
6568,1,0,2957
6571,1,0,2958
6573,2,2,2959
6586,2,1,2960
6589,2,0,2961
6591,0,2,2962
6593,1,0,2963
6596,2,2,2964
6597,2,0,2965
6599,3,0,2966
6600,1,0,2967
6603,2,0,2968
6608,3,0,2969
6611,2,0,2970
6612,1,0,2971
6618,2,2,2972
6622,2,1,2973
6625,1,0,2974
6629,1,0,2975
6632,1,0,2976
6635,2,0,2977
6644,2,0,2978
6646,2,0,2979
6651,2,0,2980
6655,2,1,2981
6657,1,0,2982
6669,2,0,2983
6670,3,0,2984
6672,1,0,2985
6674,2,0,2986
6678,2,0,2987
6682,0,2,2988
6694,0,2,2989
6697,2,0,2990
6701,2,0,2991
6706,2,0,2992
6711,2,0,2993
6723,2,0,2994
6724,2,0,2995
6728,1,0,2996
6731,2,0,2997
6738,2,2,2998
6745,2,0,2999
6750,3,0,3000
6752,1,0,3001
6759,2,0,3002
6760,1,0,3003
6761,2,0,3004
6764,2,0,3005
6770,2,2,3006
6775,2,1,3007
6777,2,1,3008
6778,2,0,3009
6781,3,0,3010
6788,2,1,3011
6789,2,0,3012
6792,2,0,3013
6796,3,0,3014
6799,2,0,3015
6803,2,2,3016
6807,2,0,3017
6810,2,0,3018
6813,2,0,3019
6820,3,0,3020
6827,3,0,3021
6830,2,0,3022
6841,1,0,3023
6842,2,1,3024
6844,3,0,3025
6852,3,0,3026
6863,2,0,3027
6865,2,0,3028
6866,2,2,3029
6881,2,0,3030
6884,2,0,3031
6891,2,0,3032
6900,2,0,3033
6903,2,0,3034
6904,2,0,3035
6907,2,0,3036
6914,2,0,3037
6919,2,0,3038
6925,2,0,3039
6929,2,0,3040
6945,2,0,3041
6948,2,0,3042
6953,2,1,3043
6956,3,0,3044
6964,3,0,3045
6971,2,0,3046
6975,2,0,3047
6979,2,0,3048
6984,2,0,3049
6992,2,2,3050
6993,1,0,3051
6994,2,1,3052
7012,2,1,3053
7020,2,0,3054
7025,2,0,3055
7030,2,0,3056
7051,2,0,3057
7053,2,0,3058
7060,3,0,3059
7063,1,0,3060
7070,2,0,3061
7075,2,0,3062
7077,2,0,3063
7088,2,1,3064
7101,2,0,3065
7102,2,0,3066
7109,2,0,3067
7112,2,1,3068
7116,1,0,3069
7117,2,0,3070
7119,2,0,3071
7127,3,0,3072
7130,2,0,3073
7139,1,0,3074
7142,3,0,3075
7147,1,0,3076
7154,3,0,3077
7157,2,1,3078
7158,2,0,3079
7160,2,0,3080
7161,2,0,3081
7163,2,1,3082
7165,2,2,3083
7170,3,0,3084
7173,2,0,3085
7174,1,0,3086
7178,1,0,3087
7182,2,1,3088
7184,1,0,3089
7186,1,0,3090
7188,2,0,3091
7190,2,0,3092
7196,2,1,3093
7197,3,0,3094
7200,2,0,3095
7204,2,1,3096
7217,2,0,3097
7219,2,1,3098
7230,2,2,3099
7244,1,0,3100
7248,2,0,3101
7251,2,0,3102
7253,1,0,3103
7255,2,0,3104
7256,2,0,3105
7259,2,1,3106
7265,2,0,3107
7266,2,0,3108
7279,2,0,3109
7280,2,2,3110
7283,1,0,3111
7290,2,0,3112
7292,2,0,3113
7296,2,1,3114
7297,2,1,3115
7298,2,1,3116
7301,1,0,3117
7318,2,0,3118
7322,3,0,3119
7326,2,0,3120
7331,2,2,3121
7335,2,1,3122
7341,2,0,3123
7344,2,0,3124
7346,3,0,3125
7350,2,0,3126
7360,3,0,3127
7362,2,0,3128
7363,2,0,3129
7369,1,0,3130
7375,2,2,3131
7378,2,1,3132
7380,2,2,3133
7394,2,2,3134
7395,2,1,3135
7397,2,1,3136
7407,2,1,3137
7418,2,1,3138
7429,2,0,3139
7430,1,0,3140
7443,2,1,3141
7464,2,1,3142
7469,1,0,3143
7471,3,0,3144
7472,2,0,3145
7494,1,1,3146
7499,2,0,3147
7502,1,0,3148
7507,2,0,3149
7509,2,2,3150
7513,2,2,3151
7517,2,0,3152
7520,2,2,3153
7521,2,0,3154
7522,1,0,3155
7524,2,0,3156
7525,1,0,3157
7528,2,0,3158
7532,2,2,3159
7534,1,0,3160
7544,2,2,3161
7548,2,0,3162
7549,2,0,3163
7551,2,0,3164
7553,1,0,3165
7559,1,0,3166
7572,2,0,3167
7573,2,2,3168
7574,1,0,3169
7577,2,0,3170
7589,2,0,3171
7590,3,0,3172
7596,1,0,3173
7601,3,0,3174
7606,2,0,3175
7607,2,0,3176
7613,1,0,3177
7633,2,0,3178
7639,3,0,3179
7640,2,0,3180
7641,2,0,3181
7643,1,0,3182
7645,2,0,3183
7646,1,0,3184
7656,2,0,3185
7659,2,0,3186
7663,2,0,3187
7667,1,0,3188
7671,2,0,3189
7680,3,1,3190
7681,2,1,3191
7685,2,0,3192
7686,1,0,3193
7687,1,2,3194
7688,3,0,3195
7691,2,2,3196
7714,2,0,3197
7727,3,0,3198
7735,3,0,3199
7736,2,0,3200
7737,3,0,3201
7738,1,0,3202
7741,2,0,3203
7754,1,0,3204
7768,1,0,3205
7770,2,0,3206
7771,1,1,3207
7774,1,0,3208
7775,0,2,3209
7778,2,2,3210
7808,2,2,3211
7813,2,0,3212
7817,2,0,3213
7819,2,1,3214
7823,2,0,3215
7831,2,0,3216
7832,0,2,3217
7835,2,0,3218
7839,2,0,3219
7840,2,0,3220
7846,2,2,3221
7856,2,1,3222
7874,2,0,3223
7885,1,0,3224
7892,2,0,3225
7913,1,0,3226
7914,1,0,3227
7920,3,0,3228
7924,2,0,3229
7926,3,0,3230
7928,2,1,3231
7942,2,0,3232
7945,2,0,3233
7948,2,0,3234
7962,2,0,3235
7964,2,0,3236
7966,2,2,3237
7984,2,2,3238
7988,2,0,3239
7993,2,0,3240
8003,1,0,3241
8010,1,0,3242
8015,1,1,3243
8038,2,0,3244
8039,2,0,3245
8041,2,0,3246
8043,2,0,3247
8045,1,0,3248
8047,2,0,3249
8052,1,0,3250
8064,1,0,3251
8070,2,1,3252
8071,1,0,3253
8080,2,0,3254
8089,1,0,3255
8100,3,0,3256
8105,2,1,3257
8114,2,0,3258
8123,2,0,3259
8129,1,0,3260
8140,2,0,3261
8142,2,2,3262
8148,2,2,3263
8152,2,0,3264
8153,2,0,3265
8159,2,0,3266
8174,2,0,3267
8192,2,0,3268
8198,2,1,3269
8208,2,0,3270
8213,1,0,3271
8215,3,0,3272
8222,3,0,3273
8227,1,0,3274
8229,2,0,3275
8238,2,0,3276
8239,2,0,3277
8245,1,0,3278
8247,2,0,3279
8253,1,0,3280
8267,2,0,3281
8276,2,0,3282
8281,2,0,3283
8286,2,0,3284
8299,1,0,3285
8305,2,0,3286
8308,2,0,3287
8310,2,1,3288
8322,2,0,3289
8325,2,1,3290
8329,2,0,3291
8333,3,0,3292
8339,2,1,3293
8341,3,0,3294
8347,2,0,3295
8353,2,0,3296
8360,2,0,3297
8369,2,0,3298
8370,2,0,3299
8371,2,0,3300
8373,2,1,3301
8378,2,0,3302
8379,2,0,3303
8380,2,1,3304
8385,2,0,3305
8391,2,0,3306
8398,2,2,3307
8400,3,0,3308
8401,2,1,3309
8408,2,0,3310
8418,2,0,3311
8422,2,0,3312
8426,1,0,3313
8430,2,0,3314
8431,1,0,3315
8434,2,2,3316
8437,2,2,3317
8445,2,0,3318
8446,2,0,3319
8447,2,0,3320
8457,2,0,3321
8458,2,0,3322
8460,2,2,3323
8462,1,0,3324
8467,2,1,3325
8481,2,0,3326
8492,2,0,3327
8495,3,0,3328
8509,1,0,3329
8517,2,0,3330
8518,2,0,3331
8520,2,0,3332
8522,2,0,3333
8527,1,0,3334
8528,2,0,3335
8532,1,0,3336
8533,2,0,3337
8534,2,0,3338
8552,1,1,3339
8554,3,0,3340
8558,2,0,3341
8559,2,0,3342
8566,1,0,3343
8569,2,0,3344
8570,1,0,3345
8577,2,0,3346
8588,2,0,3347
8598,2,0,3348
8615,2,0,3349
8624,3,1,3350
8638,2,1,3351
8642,2,0,3352
8671,1,0,3353
8674,3,0,3354
8675,2,0,3355
8677,2,0,3356
8681,3,0,3357
8686,2,2,3358
8689,2,1,3359
8701,2,0,3360
8702,2,0,3361
8714,2,0,3362
8721,1,0,3363
8732,1,0,3364
8733,1,0,3365
8740,3,1,3366
8741,3,0,3367
8742,3,0,3368
8744,2,0,3369
8752,2,0,3370
8761,2,0,3371
8772,2,1,3372
8773,2,0,3373
8774,2,0,3374
8776,1,0,3375
8779,2,2,3376
8782,3,0,3377
8783,1,0,3378
8787,1,1,3379
8789,1,0,3380
8793,2,1,3381
8802,2,0,3382
8804,1,1,3383
8817,1,0,3384
8818,2,0,3385
8826,2,1,3386
8827,2,0,3387
8832,2,0,3388
8840,2,0,3389
8844,2,2,3390
8852,3,0,3391
8854,2,1,3392
8863,2,0,3393
8866,2,1,3394
8868,2,0,3395
8871,2,0,3396
8874,2,0,3397
8876,2,0,3398
8883,2,0,3399
8890,2,2,3400
8897,3,0,3401
8904,2,1,3402
8905,2,0,3403
8906,1,1,3404
8926,2,0,3405
8932,1,0,3406
8934,1,0,3407
8937,2,0,3408
8941,3,0,3409
8951,2,0,3410
8966,2,0,3411
8967,2,0,3412
8973,2,1,3413
8978,2,1,3414
8979,2,0,3415
8980,3,0,3416
8983,2,0,3417
8990,2,0,3418
9006,2,0,3419
9010,2,2,3420
9011,2,0,3421
9015,2,2,3422
9021,2,0,3423
9026,1,0,3424
9031,3,0,3425
9033,2,2,3426
9036,2,0,3427
9038,1,0,3428
9039,2,0,3429
9042,3,0,3430
9050,3,0,3431
9054,1,0,3432
9065,1,1,3433
9074,2,0,3434
9079,2,1,3435
9080,2,0,3436
9085,3,0,3437
9095,2,0,3438
9097,2,2,3439
9100,2,0,3440
9105,2,0,3441
9112,2,2,3442
9114,2,0,3443
9120,2,0,3444
9122,2,0,3445
9126,2,1,3446
9132,2,1,3447
9136,2,0,3448
9142,2,0,3449
9144,3,0,3450
9147,1,0,3451
9151,2,0,3452
9152,3,0,3453
9153,2,2,3454
9156,2,1,3455
9165,3,0,3456
9167,1,0,3457
9174,1,0,3458
9175,2,0,3459
9193,2,0,3460
9196,2,0,3461
9200,3,0,3462
9207,2,0,3463
9209,2,0,3464
9211,2,0,3465
9212,2,1,3466
9225,2,0,3467
9226,2,0,3468
9242,2,2,3469
9244,2,0,3470
9245,2,0,3471
9248,2,2,3472
9254,3,0,3473
9258,2,0,3474
9262,2,0,3475
9263,1,1,3476
9268,2,0,3477
9272,2,0,3478
9282,3,0,3479
9283,1,0,3480
9288,2,2,3481
9289,2,0,3482
9290,2,2,3483
9332,2,0,3484
9348,2,0,3485
9360,2,0,3486
9362,2,2,3487
9363,2,2,3488
9379,2,0,3489
9395,3,0,3490
9401,1,0,3491
9404,2,0,3492
9408,3,0,3493
9413,2,1,3494
9436,1,0,3495
9444,1,0,3496
9449,3,0,3497
9455,3,0,3498
9461,3,0,3499
9462,0,2,3500
9466,1,0,3501
9471,2,2,3502
9475,2,0,3503
9479,4,0,3504
9480,1,0,3505
9487,2,0,3506
9494,1,0,3507
9500,2,0,3508
9506,2,0,3509
9508,2,0,3510
9509,2,1,3511
9531,2,0,3512
9538,1,0,3513
9544,2,0,3514
9551,2,0,3515
9564,2,0,3516
9565,2,0,3517
9568,2,0,3518
9575,2,0,3519
9591,1,0,3520
9593,2,0,3521
9600,2,1,3522
9602,1,0,3523
9613,1,0,3524
9616,2,0,3525
9628,2,0,3526
9636,2,0,3527
9640,2,0,3528
9641,2,0,3529
9652,2,0,3530
9654,2,0,3531
9658,1,0,3532
9665,1,0,3533
9668,2,0,3534
9686,2,0,3535
9689,3,0,3536
9691,2,0,3537
9706,2,0,3538
9719,2,0,3539
9724,2,0,3540
9733,2,0,3541
9735,2,1,3542
9748,2,0,3543
9750,2,2,3544
9766,2,0,3545
9769,3,0,3546
9779,1,0,3547
9782,2,1,3548
9788,2,1,3549
9789,2,0,3550
9790,2,2,3551
9802,2,0,3552
9811,2,1,3553
9836,2,0,3554
9839,2,2,3555
9840,2,0,3556
9860,2,0,3557
9864,2,2,3558
9871,2,0,3559
9876,1,0,3560
9882,2,1,3561
9899,2,1,3562
9919,1,0,3563
9922,2,1,3564
9934,1,0,3565
9935,2,0,3566
9943,1,0,3567
9954,3,0,3568
9965,1,0,3569
9971,3,0,3570
9973,2,0,3571
9981,2,0,3572
10006,2,0,3573
10017,2,0,3574
10018,2,0,3575
10023,2,0,3576
10034,2,0,3577
10041,1,9,3578
10044,2,1,3579
10050,1,0,3580
10051,2,0,3581
10052,2,0,3582
10061,2,9,3583
10064,1,0,3584
10070,1,0,3585
10076,2,0,3586
10081,2,0,3587
10083,1,0,3588
10088,3,0,3589
10090,2,1,3590
10091,1,0,3591
10106,2,0,3592
10111,3,0,3593
10129,1,0,3594
10151,2,1,3595
10153,2,1,3596
10159,2,1,3597
10161,3,0,3598
10162,2,0,3599
10163,2,0,3600
10169,2,0,3601
10172,3,0,3602
10178,2,0,3603
10183,2,0,3604
10190,2,2,3605
10196,2,2,3606
10198,2,0,3607
10211,3,0,3608
10214,1,1,3609
10226,2,0,3610
10230,1,0,3611
10231,3,1,3612
10235,2,0,3613
10236,2,2,3614
10237,2,2,3615
10238,2,0,3616
10249,2,0,3617
10250,2,0,3618
10254,2,2,3619
10255,3,0,3620
10260,3,0,3621
10263,2,1,3622
10271,1,0,3623
10274,3,0,3624
10280,1,0,3625
10294,3,0,3626
10299,3,0,3627
10307,2,0,3628
10308,2,0,3629
10316,2,0,3630
10320,2,0,3631
10325,2,0,3632
10340,3,0,3633
10351,2,0,3634
10353,2,0,3635
10367,1,0,3636
10373,2,0,3637
10377,2,0,3638
10390,1,0,3639
10394,3,0,3640
10395,2,2,3641
10402,3,0,3642
10408,2,2,3643
10413,2,0,3644
10423,1,0,3645
10432,2,0,3646
10438,3,0,3647
10453,2,1,3648
10457,2,0,3649
10458,2,1,3650
10462,2,0,3651
10468,1,0,3652
10474,2,0,3653
10488,2,0,3654
10499,2,0,3655
10511,2,0,3656
10514,2,0,3657
10515,3,0,3658
10517,2,1,3659
10538,3,0,3660
10541,2,1,3661
10563,1,0,3662
10573,2,0,3663
10579,2,0,3664
10582,2,0,3665
10585,2,0,3666
10586,1,0,3667
10588,1,2,3668
10593,2,0,3669
10609,2,0,3670
10624,2,0,3671
10644,2,1,3672
10652,2,0,3673
10656,2,0,3674
10665,2,1,3675
10671,2,0,3676
10680,2,0,3677
10684,1,0,3678
10685,2,0,3679
10694,2,0,3680
10698,2,0,3681
10703,3,0,3682
10704,1,0,3683
10705,2,1,3684
10709,3,1,3685
10716,2,2,3686
10739,2,2,3687
10744,2,2,3688
10745,1,0,3689
10751,3,0,3690
10756,3,0,3691
10773,3,0,3692
10774,2,1,3693
10802,3,0,3694
10803,2,0,3695
10810,1,0,3696
10813,2,1,3697
10814,0,2,3698
10816,2,0,3699
10821,2,1,3700
10822,0,2,3701
10829,2,1,3702
10831,2,0,3703
10833,3,0,3704
10841,1,0,3705
10843,2,1,3706
10845,2,0,3707
10847,2,0,3708
10858,1,0,3709
10862,2,1,3710
10863,2,1,3711
10867,2,0,3712
10868,2,0,3713
10870,1,0,3714
10878,1,0,3715
10889,3,0,3716
10893,1,0,3717
10901,2,0,3718
10914,2,1,3719
10916,3,0,3720
10917,2,0,3721
10924,2,1,3722
10928,2,0,3723
10947,2,0,3724
10965,2,0,3725
10967,2,0,3726
10968,2,1,3727
10974,2,0,3728
10992,2,0,3729
10996,1,0,3730
11016,1,1,3731
11022,1,0,3732
11025,0,2,3733
11031,0,2,3734
11032,2,0,3735
11036,2,0,3736
11037,3,0,3737
11040,2,0,3738
11044,2,0,3739
11046,1,0,3740
11050,2,0,3741
11051,2,0,3742
11053,2,0,3743
11064,1,0,3744
11070,3,0,3745
11074,2,1,3746
11075,2,0,3747
11084,2,0,3748
11086,2,1,3749
11091,3,0,3750
11102,0,2,3751
11104,2,0,3752
11108,2,0,3753
11119,2,2,3754
11120,1,0,3755
11126,2,0,3756
11135,2,2,3757
11142,2,2,3758
11159,2,0,3759
11169,2,1,3760
11178,2,0,3761
11181,2,0,3762
11190,1,0,3763
11195,2,1,3764
11204,2,0,3765
11207,2,2,3766
11211,2,1,3767
11232,2,0,3768
11233,1,0,3769
11239,2,1,3770
11241,2,2,3771
11249,2,0,3772
11258,2,0,3773
11269,2,1,3774
11272,3,0,3775
11281,2,2,3776
11293,2,0,3777
11303,2,0,3778
11309,1,0,3779
11314,3,0,3780
11316,2,0,3781
11322,2,0,3782
11325,2,0,3783
11333,2,2,3784
11359,2,1,3785
11362,2,0,3786
11365,3,0,3787
11366,2,1,3788
11367,2,0,3789
11368,1,0,3790
11381,2,1,3791
11398,2,0,3792
11399,2,1,3793
11407,1,2,3794
11412,2,0,3795
11435,2,0,3796
11436,2,0,3797
11449,2,0,3798
11452,2,0,3799
11457,2,0,3800
11461,2,1,3801
11463,2,0,3802
11474,2,1,3803
11479,1,0,3804
11481,2,0,3805
11484,2,0,3806
11491,2,1,3807
11499,2,1,3808
11508,2,1,3809
11511,1,0,3810
11518,2,0,3811
11521,2,0,3812
11527,2,0,3813
11528,1,0,3814
11530,2,3,3815
11542,2,0,3816
11543,2,0,3817
11554,2,0,3818
11562,1,0,3819
11571,0,2,3820
11578,3,0,3821
11580,2,0,3822
11584,2,0,3823
11593,2,2,3824
11605,0,2,3825
11612,2,0,3826
11614,2,0,3827
11621,2,1,3828
11623,2,0,3829
11624,2,0,3830
11625,2,2,3831
11626,1,0,3832
11631,2,2,3833
11654,2,0,3834
11657,3,0,3835
11664,2,0,3836
11676,2,1,3837
11679,3,0,3838
11680,2,0,3839
11681,2,0,3840
11683,0,2,3841
11686,1,1,3842
11693,2,0,3843
11699,3,0,3844
11704,2,0,3845
11710,2,0,3846
11719,1,0,3847
11725,2,0,3848
11734,3,0,3849
11738,2,0,3850
11747,1,0,3851
11748,3,0,3852
11753,1,0,3853
11757,2,0,3854
11758,2,0,3855
11765,2,0,3856
11772,2,0,3857
11774,3,0,3858
11780,2,0,3859
11793,2,1,3860
11803,2,1,3861
11812,2,0,3862
11862,3,0,3863
11871,3,0,3864
11872,2,1,3865
11874,1,0,3866
11878,2,1,3867
11881,1,0,3868
11892,2,0,3869
11893,3,0,3870
11898,1,0,3871
11906,1,2,3872
11911,1,0,3873
11923,2,0,3874
11933,1,0,3875
11938,2,0,3876
11946,2,1,3877
11949,3,0,3878
11962,2,0,3879
11973,1,0,3880
11982,1,2,3881
11984,1,0,3882
11987,2,2,3883
11997,1,0,3884
12000,2,0,3885
12001,1,0,3886
12011,2,0,3887
12013,2,1,3888
12015,1,2,3889
12024,1,0,3890
12031,2,0,3891
12045,2,1,3892
12046,2,0,3893
12051,2,0,3894
12053,2,2,3895
12056,2,0,3896
12070,2,0,3897
12083,1,0,3898
12085,3,0,3899
12091,1,0,3900
12100,2,0,3901
12125,1,0,3902
12129,2,0,3903
12133,2,1,3904
12139,2,1,3905
12143,1,0,3906
12146,2,0,3907
12149,1,0,3908
12152,3,0,3909
12154,2,0,3910
12156,2,0,3911
12169,2,1,3912
12190,2,0,3913
12199,1,1,3914
12202,2,0,3915
12203,2,0,3916
12212,2,0,3917
12225,2,0,3918
12228,1,1,3919
12229,2,1,3920
12231,2,0,3921
12235,2,0,3922
12238,3,0,3923
12243,2,2,3924
12246,2,0,3925
12253,1,0,3926
12261,2,0,3927
12267,2,2,3928
12270,2,2,3929
12280,3,0,3930
12284,2,0,3931
12289,2,0,3932
12300,2,1,3933
12303,1,0,3934
12308,2,0,3935
12337,2,0,3936
12339,3,0,3937
12356,2,0,3938
12359,2,0,3939
12360,2,0,3940
12361,2,0,3941
12364,2,1,3942
12365,2,0,3943
12369,2,2,3944
12372,2,2,3945
12378,1,0,3946
12379,1,0,3947
12382,2,2,3948
12386,2,1,3949
12394,2,0,3950
12401,1,0,3951
12414,2,0,3952
12417,2,1,3953
12427,2,2,3954
12436,2,0,3955
12441,2,0,3956
12453,2,0,3957
12455,2,0,3958
12457,2,0,3959
12474,1,0,3960
12479,2,1,3961
12483,2,0,3962
12495,2,0,3963
12496,2,0,3964
12497,2,0,3965
12500,3,0,3966
12502,3,0,3967
12504,2,1,3968
12506,2,0,3969
12513,2,0,3970
12517,2,0,3971
12518,3,0,3972
12549,3,0,3973
12581,1,0,3974
12585,2,0,3975
12588,1,0,3976
12595,2,2,3977
12600,2,2,3978
12605,1,0,3979
12614,2,0,3980
12622,2,0,3981
12623,1,0,3982
12634,3,0,3983
12643,3,0,3984
12648,3,0,3985
12663,2,0,3986
12664,1,0,3987
12667,2,2,3988
12670,2,0,3989
12673,1,0,3990
12692,1,0,3991
12695,2,0,3992
12698,2,0,3993
12701,2,0,3994
12704,3,0,3995
12717,2,1,3996
12722,2,1,3997
12731,2,2,3998
12740,0,2,3999
12747,3,0,4000
12750,2,1,4001
12759,2,0,4002
12761,2,0,4003
12764,2,0,4004
12771,3,0,4005
12772,2,0,4006
12781,2,0,4007
12789,2,1,4008
12791,1,0,4009
12792,2,1,4010
12797,2,0,4011
12809,2,1,4012
12830,2,0,4013
12836,2,0,4014
12837,3,0,4015
12839,1,0,4016
12852,2,1,4017
12857,2,0,4018
12872,2,0,4019
12875,0,2,4020
12876,2,0,4021
12898,1,1,4022
12907,2,0,4023
12925,2,0,4024
12927,2,2,4025
12928,3,0,4026
12937,2,0,4027
12946,2,0,4028
12954,2,0,4029
12957,2,2,4030
12960,1,0,4031
12991,2,0,4032
12993,2,0,4033
13004,2,1,4034
13005,1,1,4035
13006,2,1,4036
13038,2,1,4037
13055,2,0,4038
13062,2,1,4039
13068,2,0,4040
13090,2,0,4041
13093,2,0,4042
13099,3,0,4043
13100,2,1,4044
13102,1,0,4045
13108,2,1,4046
13109,2,0,4047
13121,1,0,4048
13140,2,2,4049
13144,1,2,4050
13175,2,0,4051
13180,2,0,4052
13182,2,0,4053
13185,2,0,4054
13203,1,0,4055
13205,3,0,4056
13211,2,0,4057
13213,2,1,4058
13226,1,0,4059
13231,2,2,4060
13240,2,0,4061
13244,1,0,4062
13245,2,0,4063
13250,2,1,4064
13252,2,0,4065
13256,1,0,4066
13264,2,0,4067
13269,2,0,4068
13276,3,0,4069
13285,2,0,4070
13289,2,0,4071
13293,2,0,4072
13294,1,0,4073
13295,3,0,4074
13297,2,3,4075
13299,2,0,4076
13322,2,0,4077
13333,3,0,4078
13342,3,0,4079
13360,1,0,4080
13367,1,0,4081
13369,2,0,4082
13370,1,0,4083
13371,2,2,4084
13378,2,0,4085
13387,2,1,4086
13405,2,2,4087
13414,2,0,4088
13433,2,0,4089
13435,2,0,4090
13447,2,0,4091
13451,1,0,4092
13452,2,0,4093
13457,2,0,4094
13483,1,1,4095
13485,3,0,4096
13487,2,0,4097
13496,2,0,4098
13506,2,1,4099
13509,2,1,4100
13519,1,0,4101
13528,1,0,4102
13534,2,1,4103
13535,1,0,4104
13545,1,0,4105
13546,2,0,4106
13547,1,0,4107
13548,2,0,4108
13568,2,0,4109
13574,1,0,4110
13587,3,0,4111
13591,2,2,4112
13594,3,0,4113
13598,0,2,4114
13600,1,1,4115
13605,2,0,4116
13606,2,0,4117
13607,2,0,4118
13610,2,0,4119
13612,3,0,4120
13626,2,0,4121
13627,2,0,4122
13638,1,0,4123
13641,2,0,4124
13648,2,1,4125
13650,1,0,4126
13653,2,0,4127
13654,3,0,4128
13658,3,0,4129
13664,2,0,4130
13670,2,0,4131
13696,3,0,4132
13697,2,0,4133
13699,1,0,4134
13700,3,0,4135
13705,2,0,4136
13710,3,0,4137
13716,2,0,4138
13722,2,0,4139
13726,1,0,4140
13732,1,2,4141
13738,2,0,4142
13740,2,1,4143
13749,3,0,4144
13750,1,0,4145
13758,1,0,4146
13767,3,0,4147
13770,2,0,4148
13793,2,1,4149
13802,2,0,4150
13803,3,0,4151
13807,2,0,4152
13826,2,0,4153
13828,2,0,4154
13831,3,0,4155
13834,3,0,4156
13838,2,0,4157
13847,2,0,4158
13855,2,1,4159
13856,2,0,4160
13869,2,0,4161
13877,2,0,4162
13887,2,1,4163
13888,1,1,4164
13890,2,2,4165
13894,1,0,4166
13898,2,1,4167
13901,2,0,4168
13911,2,0,4169
13925,1,0,4170
13934,2,0,4171
13944,2,2,4172
13958,1,0,4173
13980,2,0,4174
13984,3,0,4175
13991,2,0,4176
13992,2,0,4177
13995,2,0,4178
13996,2,0,4179
14012,2,0,4180
14013,3,0,4181
14014,1,0,4182
14020,2,1,4183
14022,2,1,4184
14027,1,1,4185
14035,3,0,4186
14038,2,0,4187
14043,2,0,4188
14046,4,0,4189
14075,2,1,4190
14079,2,1,4191
14083,2,1,4192
14093,2,0,4193
14094,1,0,4194
14095,1,0,4195
14096,1,1,4196
14100,2,0,4197
14103,2,0,4198
14153,1,0,4199
14157,2,1,4200
14164,1,0,4201
14169,2,0,4202
14177,2,0,4203
14179,3,0,4204
14180,2,0,4205
14187,2,0,4206
14195,2,0,4207
14201,2,2,4208
14204,1,0,4209
14221,2,0,4210
14231,1,0,4211
14235,2,2,4212
14238,2,0,4213
14245,2,0,4214
14252,2,2,4215
14259,2,0,4216
14268,3,0,4217
14270,2,0,4218
14275,1,0,4219
14280,2,2,4220
14284,2,0,4221
14291,2,0,4222
14300,2,0,4223
14304,2,0,4224
14323,2,1,4225
14335,3,0,4226
14337,1,0,4227
14340,2,0,4228
14345,2,0,4229
14354,1,0,4230
14356,2,0,4231
14367,2,0,4232
14374,3,0,4233
14380,2,0,4234
14381,2,0,4235
14383,2,1,4236
14395,2,0,4237
14402,2,2,4238
14403,2,0,4239
14414,3,1,4240
14415,2,0,4241
14435,2,0,4242
14444,2,0,4243
14445,2,0,4244
14447,2,0,4245
14455,1,0,4246
14462,2,1,4247
14469,2,2,4248
14470,2,1,4249
14474,2,0,4250
14476,1,0,4251
14478,1,0,4252
14481,2,2,4253
14483,2,0,4254
14508,1,0,4255
14509,2,2,4256
14519,2,0,4257
14522,2,2,4258
14559,2,0,4259
14561,2,0,4260
14570,1,0,4261
14571,2,0,4262
14588,2,0,4263
14592,1,0,4264
14600,2,0,4265
14603,2,0,4266
14618,2,1,4267
14633,2,0,4268
14635,2,0,4269
14642,2,0,4270
14655,1,0,4271
14672,2,0,4272
14673,2,2,4273
14675,2,0,4274
14689,1,0,4275
14696,2,0,4276
14698,1,0,4277
14702,2,1,4278
14718,3,0,4279
14724,2,0,4280
14729,2,0,4281
14732,1,1,4282
14735,2,1,4283
14746,2,0,4284
14749,2,0,4285
14750,3,0,4286
14761,3,0,4287
14765,2,0,4288
14766,1,0,4289
14773,2,2,4290
14786,1,0,4291
14810,1,0,4292
14823,1,0,4293
14826,3,0,4294
14835,2,1,4295
14847,2,0,4296
14849,2,2,4297
14879,2,0,4298
14880,2,0,4299
14901,3,0,4300
14915,2,2,4301
14917,2,0,4302
14918,3,0,4303
14921,1,2,4304
14924,2,0,4305
14937,2,0,4306
14942,3,0,4307
14945,2,1,4308
14946,2,0,4309
14953,2,0,4310
14961,2,0,4311
14966,3,0,4312
14975,2,0,4313
14980,2,0,4314
14994,2,0,4315
14998,2,0,4316
15008,2,1,4317
15017,2,0,4318
15037,2,0,4319
15051,2,0,4320
15058,3,0,4321
15061,2,0,4322
15079,3,0,4323
15106,2,0,4324
15111,1,0,4325
15112,2,1,4326
15118,2,0,4327
15122,2,0,4328
15125,1,0,4329
15133,2,2,4330
15134,2,0,4331
15137,2,0,4332
15139,2,0,4333
15140,2,0,4334
15147,3,0,4335
15152,2,0,4336
15155,2,1,4337
15164,2,0,4338
15179,1,0,4339
15181,2,0,4340
15182,2,0,4341
15183,2,0,4342
15186,2,0,4343
15200,1,2,4344
15207,2,0,4345
15213,3,0,4346
15220,4,0,4347
15222,1,0,4348
15224,2,0,4349
15227,1,0,4350
15233,2,2,4351
15234,1,1,4352
15242,2,2,4353
15253,2,0,4354
15261,2,0,4355
15279,1,0,4356
15284,1,0,4357
15293,2,2,4358
15303,2,1,4359
15306,2,2,4360
15309,3,0,4361
15311,2,0,4362
15313,2,0,4363
15315,1,0,4364
15316,2,1,4365
15332,3,0,4366
15339,0,2,4367
15346,2,0,4368
15351,2,0,4369
15363,1,0,4370
15394,1,0,4371
15396,2,0,4372
15397,1,0,4373
15401,2,1,4374
15423,2,0,4375
15429,2,1,4376
15435,2,0,4377
15443,2,0,4378
15457,3,0,4379
15463,2,0,4380
15464,1,0,4381
15467,2,0,4382
15475,2,1,4383
15480,4,0,4384
15490,1,0,4385
15491,2,0,4386
15502,2,1,4387
15508,3,0,4388
15514,2,0,4389
15520,3,0,4390
15530,1,0,4391
15532,1,2,4392
15539,2,0,4393
15558,2,0,4394
15562,1,0,4395
15576,2,1,4396
15593,2,1,4397
15595,2,0,4398
15598,2,2,4399
15602,1,0,4400
15603,3,0,4401
15623,1,1,4402
15624,2,2,4403
15625,2,0,4404
15644,3,0,4405
15651,2,1,4406
15664,2,0,4407
15672,1,0,4408
15676,1,0,4409
15683,2,0,4410
15695,2,1,4411
15709,2,0,4412
15718,2,0,4413
15720,2,0,4414
15723,2,0,4415
15739,2,0,4416
15746,2,0,4417
15762,2,1,4418
15770,2,0,4419
15772,2,1,4420
15795,2,0,4421
15816,3,0,4422
15826,3,0,4423
15828,2,0,4424
15830,1,0,4425
15841,2,0,4426
15850,1,0,4427
15852,1,0,4428
15855,2,0,4429
15856,3,0,4430
15867,2,2,4431
15875,3,0,4432
15878,3,0,4433
15909,2,0,4434
15911,2,2,4435
15913,2,2,4436
15923,2,1,4437
15929,2,2,4438
15931,2,0,4439
15941,1,0,4440
15948,2,2,4441
15950,1,0,4442
15952,2,0,4443
15953,2,0,4444
15980,2,0,4445
15992,2,0,4446
15998,1,0,4447
16012,2,0,4448
16017,3,0,4449
16027,2,0,4450
16033,1,0,4451
16035,2,0,4452
16045,2,0,4453
16053,2,0,4454
16055,3,0,4455
16061,2,1,4456
16063,2,2,4457
16066,1,0,4458
16077,2,1,4459
16083,2,0,4460
16084,2,1,4461
16109,2,1,4462
16113,2,0,4463
16144,2,0,4464
16149,2,0,4465
16157,2,2,4466
16166,2,0,4467
16174,2,0,4468
16180,2,0,4469
16181,2,2,4470
16183,2,0,4471
16189,2,1,4472
16191,2,0,4473
16193,2,0,4474
16218,2,0,4475
16220,2,0,4476
16230,2,0,4477
16244,3,0,4478
16248,2,1,4479
16252,1,0,4480
16256,1,0,4481
16266,2,0,4482
16275,1,0,4483
16286,2,0,4484
16287,1,0,4485
16297,1,0,4486
16299,3,0,4487
16301,3,0,4488
16302,2,1,4489
16311,1,0,4490
16316,2,0,4491
16320,2,0,4492
16322,2,0,4493
16328,3,0,4494
16330,3,0,4495
16344,2,0,4496
16353,1,0,4497
16354,2,1,4498
16361,2,1,4499
16362,2,0,4500
16368,2,0,4501
16391,1,0,4502
16395,2,0,4503
16399,2,0,4504
16406,2,0,4505
16424,2,2,4506
16426,2,0,4507
16432,3,0,4508
16453,2,0,4509
16468,3,0,4510
16472,2,0,4511
16477,1,0,4512
16478,2,0,4513
16487,2,0,4514
16491,2,0,4515
16503,2,1,4516
16505,3,0,4517
16506,1,1,4518
16507,2,0,4519
16518,2,0,4520
16524,1,0,4521
16529,1,0,4522
16532,2,1,4523
16556,2,0,4524
16557,2,0,4525
16568,2,1,4526
16572,2,0,4527
16582,1,0,4528
16593,2,0,4529
16602,2,0,4530
16614,2,0,4531
16616,2,0,4532
16619,2,0,4533
16632,2,0,4534
16641,1,0,4535
16651,3,0,4536
16656,1,0,4537
16657,2,0,4538
16659,1,0,4539
16678,2,0,4540
16694,1,0,4541
16695,3,0,4542
16707,1,1,4543
16719,2,1,4544
16720,3,0,4545
16724,3,0,4546
16740,2,0,4547
16754,2,2,4548
16816,2,0,4549
16818,2,0,4550
16820,3,0,4551
16827,2,0,4552
16830,2,0,4553
16838,2,0,4554
16844,2,2,4555
16858,2,0,4556
16884,2,0,4557
16894,3,0,4558
16895,2,0,4559
16897,3,0,4560
16914,1,0,4561
16915,3,0,4562
16927,2,0,4563
16933,3,0,4564
16935,3,0,4565
16937,1,0,4566
16938,3,0,4567
16943,2,1,4568
16948,1,0,4569
16962,2,1,4570
16968,2,0,4571
16973,3,0,4572
16975,2,1,4573
16977,1,0,4574
16979,1,0,4575
17058,2,1,4576
17072,2,0,4577
17075,1,0,4578
17078,2,0,4579
17082,2,0,4580
17099,1,0,4581
17109,2,0,4582
17114,2,0,4583
17116,3,0,4584
17117,3,0,4585
17127,2,1,4586
17134,2,1,4587
17139,2,0,4588
17143,2,0,4589
17148,2,0,4590
17164,2,0,4591
17172,2,1,4592
17187,1,0,4593
17189,1,2,4594
17195,2,1,4595
17205,3,0,4596
17214,2,1,4597
17217,1,0,4598
17231,1,0,4599
17234,2,0,4600
17238,3,0,4601
17247,1,0,4602
17255,2,0,4603
17267,2,0,4604
17274,1,2,4605
17275,3,0,4606
17276,1,1,4607
17280,2,1,4608
17293,2,0,4609
17295,1,0,4610
17298,3,0,4611
17317,1,0,4612
17320,2,2,4613
17321,3,0,4614
17323,3,0,4615
17335,2,0,4616
17338,2,0,4617
17343,2,0,4618
17355,2,1,4619
17359,4,0,4620
17363,3,0,4621
17368,2,0,4622
17369,2,2,4623
17373,2,0,4624
17374,1,0,4625
17381,1,0,4626
17399,3,0,4627
17400,2,0,4628
17412,2,0,4629
17417,3,0,4630
17424,3,0,4631
17448,2,2,4632
17450,3,0,4633
17458,2,2,4634
17471,2,0,4635
17477,1,0,4636
17482,2,0,4637
17490,2,1,4638
17494,1,1,4639
17506,2,2,4640
17507,2,0,4641
17511,1,0,4642
17512,1,0,4643
17515,2,0,4644
17517,1,0,4645
17534,3,1,4646
17559,3,0,4647
17563,2,1,4648
17575,1,0,4649
17586,2,0,4650
17592,0,2,4651
17595,2,0,4652
17615,2,0,4653
17625,3,0,4654
17630,2,0,4655
17633,0,2,4656
17637,2,0,4657
17658,2,1,4658
17671,2,0,4659
17677,2,0,4660
17684,2,1,4661
17685,1,0,4662
17686,1,1,4663
17689,2,1,4664
17699,2,0,4665
17703,1,0,4666
17708,2,1,4667
17712,2,0,4668
17714,3,0,4669
17730,2,1,4670
17747,2,0,4671
17750,2,0,4672
17766,2,0,4673
17768,2,1,4674
17772,0,2,4675
17796,2,0,4676
17797,2,1,4677
17805,2,1,4678
17810,3,1,4679
17819,3,0,4680
17821,1,0,4681
17824,2,0,4682
17826,2,0,4683
17827,2,0,4684
17830,1,0,4685
17842,2,0,4686
17846,1,1,4687
17847,2,2,4688
17860,2,0,4689
17880,2,2,4690
17892,2,0,4691
17899,3,0,4692
17909,1,2,4693
17917,3,0,4694
17928,2,0,4695
17942,3,0,4696
17948,2,0,4697
17950,3,1,4698
17952,0,2,4699
17960,2,0,4700
17975,1,0,4701
17979,2,0,4702
17990,2,1,4703
17999,3,0,4704
18003,2,1,4705
18007,2,0,4706
18009,1,0,4707
18014,2,0,4708
18019,2,1,4709
18020,2,2,4710
18022,2,0,4711
18025,1,0,4712
18036,3,0,4713
18050,3,0,4714
18055,2,0,4715
18074,2,0,4716
18082,1,0,4717
18083,2,0,4718
18089,3,0,4719
18105,3,0,4720
18107,1,1,4721
18108,1,0,4722
18112,2,0,4723
18114,1,0,4724
18116,2,0,4725
18119,2,0,4726
18133,3,0,4727
18138,1,0,4728
18142,2,2,4729
18152,1,2,4730
18154,2,0,4731
18159,1,0,4732
18160,1,0,4733
18163,2,1,4734
18169,2,0,4735
18183,3,0,4736
18191,2,0,4737
18193,1,0,4738
18199,2,1,4739
18205,1,0,4740
18213,2,2,4741
18217,2,0,4742
18218,0,2,4743
18232,2,0,4744
18254,3,0,4745
18259,2,1,4746
18260,2,0,4747
18261,3,0,4748
18268,2,0,4749
18270,3,0,4750
18274,3,0,4751
18283,1,0,4752
18294,2,0,4753
18295,2,2,4754
18313,2,0,4755
18316,2,0,4756
18318,2,0,4757
18320,2,0,4758
18328,3,1,4759
18356,2,0,4760
18358,0,2,4761
18359,2,0,4762
18373,0,2,4763
18377,2,0,4764
18408,2,2,4765
18415,1,0,4766
18433,1,0,4767
18438,2,1,4768
18443,2,0,4769
18453,2,1,4770
18454,2,0,4771
18462,2,1,4772
18467,1,0,4773
18468,2,1,4774
18469,3,0,4775
18478,2,0,4776
18504,2,0,4777
18507,3,0,4778
18508,2,1,4779
18514,2,1,4780
18517,2,0,4781
18523,2,0,4782
18527,1,0,4783
18529,3,0,4784
18533,1,0,4785
18537,3,0,4786
18543,2,1,4787
18544,2,0,4788
18554,2,0,4789
18571,3,0,4790
18573,1,0,4791
18574,3,0,4792
18581,2,2,4793
18585,2,1,4794
18596,3,0,4795
18598,2,0,4796
18602,2,0,4797
18610,1,0,4798
18637,2,0,4799
18644,1,0,4800
18671,1,0,4801
18681,2,1,4802
18683,1,0,4803
18689,2,0,4804
18693,3,0,4805
18694,3,0,4806
18697,2,0,4807
18700,2,1,4808
18706,1,0,4809
18708,2,0,4810
18716,2,0,4811
18732,3,0,4812
18734,0,3,4813
18739,3,0,4814
18745,2,2,4815
18751,2,1,4816
18755,2,1,4817
18767,2,0,4818
18782,2,2,4819
18789,2,0,4820
18799,3,0,4821
18805,1,0,4822
18819,2,1,4823
18820,2,0,4824
18840,2,0,4825
18847,2,0,4826
18848,2,2,4827
18861,3,0,4828
18872,2,0,4829
18883,3,0,4830
18896,2,1,4831
18903,2,1,4832
18917,2,0,4833
18923,2,0,4834
18932,2,1,4835
18946,2,0,4836
18949,2,0,4837
18950,2,0,4838
18958,1,1,4839
18969,1,0,4840
18979,2,0,4841
18998,2,0,4842
19037,2,1,4843
19086,2,0,4844
19090,2,1,4845
19091,2,2,4846
19106,2,0,4847
19108,1,0,4848
19110,2,0,4849
19114,2,2,4850
19133,1,0,4851
19151,2,2,4852
19153,2,0,4853
19162,2,0,4854
19165,2,1,4855
19167,2,1,4856
19169,1,0,4857
19171,2,0,4858
19194,2,0,4859
19217,2,0,4860
19218,2,0,4861
19225,2,1,4862
19227,2,0,4863
19234,2,0,4864
19243,2,1,4865
19248,2,0,4866
19260,2,2,4867
19263,1,0,4868
19278,2,0,4869
19286,2,0,4870
19300,2,2,4871
19306,2,2,4872
19315,2,0,4873
19325,2,0,4874
19326,2,0,4875
19349,3,0,4876
19350,3,0,4877
19352,1,0,4878
19354,2,0,4879
19356,3,1,4880
19359,2,0,4881
19362,2,0,4882
19371,3,0,4883
19393,2,0,4884
19398,1,0,4885
19401,2,0,4886
19405,2,0,4887
19420,1,0,4888
19437,2,2,4889
19450,2,0,4890
19458,2,0,4891
19460,1,0,4892
19463,2,0,4893
19470,2,1,4894
19483,1,0,4895
19487,2,1,4896
19499,2,0,4897
19500,2,1,4898
19502,2,2,4899
19514,3,0,4900
19528,1,0,4901
19529,2,1,4902
19531,2,0,4903
19541,1,2,4904
19553,2,0,4905
19558,3,0,4906
19570,2,0,4907
19571,2,2,4908
19578,2,0,4909
19585,2,0,4910
19587,3,0,4911
19599,2,0,4912
19603,2,0,4913
19605,2,1,4914
19606,2,0,4915
19638,2,1,4916
19651,2,0,4917
19652,2,1,4918
19658,2,0,4919
19664,2,1,4920
19673,2,0,4921
19687,3,0,4922
19712,2,2,4923
19716,2,0,4924
19740,2,0,4925
19745,1,0,4926
19765,2,0,4927
19770,2,0,4928
19779,3,0,4929
19783,2,0,4930
19805,0,2,4931
19807,2,0,4932
19830,2,1,4933
19832,2,0,4934
19841,2,2,4935
19845,3,0,4936
19860,2,1,4937
19894,1,0,4938
19897,2,0,4939
19903,2,0,4940
19907,1,0,4941
19909,2,2,4942
19940,2,1,4943
19945,1,0,4944
19948,3,0,4945
19949,1,0,4946
19966,3,0,4947
19973,2,0,4948
19981,2,0,4949
19985,2,0,4950
19988,2,0,4951
19996,2,1,4952
20028,2,2,4953
20040,2,1,4954
20042,3,0,4955
20045,2,0,4956
20051,2,2,4957
20056,2,1,4958
20060,2,0,4959
20069,2,2,4960
20075,1,0,4961
20077,1,0,4962
20082,2,2,4963
20087,2,0,4964
20090,2,0,4965
20099,2,0,4966
20102,2,1,4967
20117,1,0,4968
20164,2,2,4969
20170,2,2,4970
20186,2,0,4971
20198,0,2,4972
20202,3,0,4973
20206,2,0,4974
20212,2,0,4975
20233,2,1,4976
20247,1,0,4977
20249,2,0,4978
20254,1,0,4979
20261,2,0,4980
20265,3,0,4981
20280,2,0,4982
20290,2,0,4983
20295,2,0,4984
20302,1,2,4985
20315,3,0,4986
20316,2,2,4987
20321,2,0,4988
20323,1,0,4989
20324,2,1,4990
20331,1,0,4991
20332,2,0,4992
20338,1,1,4993
20339,2,0,4994
20349,1,0,4995
20366,1,0,4996
20376,3,0,4997
20391,2,0,4998
20423,2,0,4999
20424,3,0,5000
20451,1,0,5001
20453,3,0,5002
20471,2,0,5003
20481,3,0,5004
20511,2,1,5005
20531,2,2,5006
20535,2,0,5007
20536,2,0,5008
20543,2,0,5009
20546,2,0,5010
20550,2,0,5011
20562,3,0,5012
20565,2,0,5013
20568,1,0,5014
20577,2,1,5015
20578,1,1,5016
20604,2,2,5017
20613,3,0,5018
20616,1,0,5019
20645,1,0,5020
20646,1,0,5021
20648,0,2,5022
20652,2,0,5023
20668,1,0,5024
20676,2,0,5025
20690,2,2,5026
20693,2,0,5027
20694,3,0,5028
20695,2,0,5029
20696,2,0,5030
20700,2,2,5031
20718,3,0,5032
20720,1,0,5033
20731,2,2,5034
20736,2,0,5035
20742,2,0,5036
20746,3,0,5037
20761,2,0,5038
20771,2,0,5039
20775,2,0,5040
20782,2,0,5041
20783,1,0,5042
20785,2,0,5043
20791,2,0,5044
20792,1,2,5045
20796,0,3,5046
20801,2,0,5047
20805,2,3,5048
20822,1,0,5049
20825,1,0,5050
20838,2,0,5051
20859,2,0,5052
20862,3,0,5053
20864,2,2,5054
20868,2,1,5055
20871,2,0,5056
20874,2,1,5057
20879,2,1,5058
20883,2,1,5059
20892,2,1,5060
20895,2,0,5061
20899,2,2,5062
20900,2,1,5063
20910,2,2,5064
20911,2,0,5065
20917,2,0,5066
20936,3,0,5067
20940,2,2,5068
20962,2,0,5069
20966,2,0,5070
20968,2,1,5071
20977,2,1,5072
20980,3,0,5073
20981,2,0,5074
20990,2,1,5075
20998,2,1,5076
20999,2,2,5077
21037,1,0,5078
21040,2,2,5079
21054,2,0,5080
21055,2,0,5081
21057,2,2,5082
21061,1,0,5083
21079,2,0,5084
21081,1,0,5085
21085,2,2,5086
21088,2,2,5087
21089,2,1,5088
21091,1,0,5089
21093,2,0,5090
21094,0,2,5091
21106,2,2,5092
21118,1,0,5093
21130,1,0,5094
21134,2,1,5095
21143,2,0,5096
21149,1,0,5097
21151,1,0,5098
21152,2,0,5099
21157,3,0,5100
21168,2,2,5101
21177,2,0,5102
21182,2,0,5103
21193,2,0,5104
21201,2,0,5105
21203,0,2,5106
21206,2,0,5107
21208,2,0,5108
21213,2,0,5109
21232,1,0,5110
21237,2,0,5111
21251,3,0,5112
21258,2,1,5113
21259,2,1,5114
21265,2,0,5115
21283,3,0,5116
21292,2,0,5117
21312,1,0,5118
21320,2,1,5119
21329,2,0,5120
21330,2,2,5121
21334,2,0,5122
21340,2,2,5123
21341,2,2,5124
21370,2,0,5125
21386,2,2,5126
21400,2,0,5127
21401,2,0,5128
21402,2,2,5129
21403,2,0,5130
21404,2,1,5131
21406,1,0,5132
21408,2,0,5133
21409,2,0,5134
21412,2,0,5135
21420,1,0,5136
21430,1,0,5137
21438,2,0,5138
21440,1,2,5139
21450,2,2,5140
21460,2,0,5141
21473,2,0,5142
21488,2,0,5143
21490,2,0,5144
21502,1,0,5145
21517,2,0,5146
21518,2,0,5147
21532,1,0,5148
21540,3,0,5149
21551,2,0,5150
21553,1,0,5151
21558,3,0,5152
21561,3,0,5153
21563,2,1,5154
21579,2,0,5155
21580,2,0,5156
21581,2,0,5157
21589,3,0,5158
21591,2,2,5159
21599,1,1,5160
21604,1,0,5161
21632,3,0,5162
21654,1,1,5163
21663,2,0,5164
21670,3,0,5165
21672,2,2,5166
21677,2,1,5167
21678,3,0,5168
21679,1,0,5169
21682,2,1,5170
21686,1,0,5171
21688,2,0,5172
21701,2,0,5173
21712,1,0,5174
21715,1,0,5175
21720,2,1,5176
21728,1,0,5177
21740,1,0,5178
21743,2,0,5179
21744,2,1,5180
21748,1,2,5181
21753,3,0,5182
21756,3,0,5183
21766,3,0,5184
21773,2,1,5185
21774,3,0,5186
21780,3,0,5187
21787,3,0,5188
21790,2,0,5189
21819,3,0,5190
21826,2,2,5191
21831,2,0,5192
21836,2,0,5193
21847,1,0,5194
21851,2,0,5195
21861,2,0,5196
21876,2,1,5197
21879,1,0,5198
21884,2,0,5199
21888,3,0,5200
21895,2,1,5201
21901,2,0,5202
21913,2,0,5203
21924,2,0,5204
21928,2,0,5205
21939,2,0,5206
21943,2,0,5207
21950,3,0,5208
21969,3,0,5209
21971,3,0,5210
21990,3,0,5211
22012,2,0,5212
22016,2,1,5213
22028,2,1,5214
22034,1,0,5215
22038,1,0,5216
22041,2,0,5217
22065,2,0,5218
22066,3,0,5219
22093,2,2,5220
22099,3,0,5221
22100,2,2,5222
22103,2,0,5223
22113,2,1,5224
22115,2,0,5225
22119,1,2,5226
22120,2,1,5227
22142,2,1,5228
22151,1,0,5229
22153,2,0,5230
22155,1,2,5231
22180,2,0,5232
22181,2,2,5233
22187,2,0,5234
22191,2,0,5235
22194,2,2,5236
22196,0,3,5237
22202,3,0,5238
22208,1,0,5239
22211,2,0,5240
22221,2,0,5241
22229,2,0,5242
22234,2,0,5243
22236,2,0,5244
22250,2,0,5245
22252,2,0,5246
22253,2,1,5247
22266,2,2,5248
22297,2,0,5249
22306,2,1,5250
22318,2,2,5251
22339,1,0,5252
22350,2,0,5253
22354,2,0,5254
22360,2,1,5255
22365,2,2,5256
22372,1,0,5257
22404,2,0,5258
22415,1,0,5259
22425,2,0,5260
22435,2,0,5261
22441,1,0,5262
22458,2,0,5263
22468,2,0,5264
22469,3,0,5265
22527,1,2,5266
22532,2,0,5267
22537,2,1,5268
22540,3,0,5269
22544,3,0,5270
22552,3,0,5271
22573,3,0,5272
22577,2,1,5273
22581,2,0,5274
22586,3,0,5275
22598,2,0,5276
22599,2,0,5277
22633,2,0,5278
22635,1,0,5279
22646,1,0,5280
22656,2,2,5281
22673,2,0,5282
22678,1,1,5283
22688,2,0,5284
22689,2,1,5285
22690,2,0,5286
22706,2,2,5287
22710,2,0,5288
22718,2,1,5289
22727,2,0,5290
22732,1,0,5291
22740,2,0,5292
22748,3,0,5293
22759,2,0,5294
22773,2,3,5295
22775,1,0,5296
22785,2,2,5297
22786,2,0,5298
22792,3,0,5299
22801,2,0,5300
22805,2,0,5301
22806,2,0,5302
22815,2,0,5303
22818,2,0,5304
22839,2,0,5305
22840,2,2,5306
22859,2,0,5307
22868,2,1,5308
22869,2,2,5309
22870,3,0,5310
22872,2,0,5311
22877,2,1,5312
22880,2,0,5313
22891,2,1,5314
22902,1,0,5315
22906,2,0,5316
22923,1,0,5317
22932,2,1,5318
22953,2,0,5319
22956,3,0,5320
22959,2,0,5321
23009,1,0,5322
23012,3,0,5323
23016,3,0,5324
23025,2,1,5325
23054,2,2,5326
23058,2,0,5327
23061,2,0,5328
23068,2,0,5329
23074,2,0,5330
23079,1,0,5331
23084,2,2,5332
23086,2,0,5333
23095,1,0,5334
23098,1,0,5335
23108,2,0,5336
23111,1,0,5337
23112,2,0,5338
23118,3,0,5339
23131,2,0,5340
23143,1,0,5341
23147,2,0,5342
23153,2,0,5343
23175,3,0,5344
23182,3,0,5345
23199,2,0,5346
23201,3,0,5347
23222,1,0,5348
23228,3,0,5349
23232,2,0,5350
23240,1,0,5351
23241,2,0,5352
23245,2,0,5353
23251,2,1,5354
23252,2,0,5355
23256,2,1,5356
23259,2,0,5357
23269,1,0,5358
23270,1,0,5359
23297,2,0,5360
23300,2,0,5361
23303,2,0,5362
23305,2,0,5363
23310,0,2,5364
23329,2,0,5365
23335,3,0,5366
23338,2,0,5367
23347,1,0,5368
23356,2,0,5369
23362,1,0,5370
23366,4,0,5371
23374,1,0,5372
23391,2,1,5373
23394,2,0,5374
23401,1,1,5375
23408,2,0,5376
23424,2,0,5377
23431,2,0,5378
23434,1,0,5379
23438,1,0,5380
23440,2,0,5381
23442,2,2,5382
23448,2,0,5383
23499,2,1,5384
23501,3,0,5385
23504,3,0,5386
23518,1,2,5387
23521,2,0,5388
23522,2,0,5389
23526,4,0,5390
23538,2,0,5391
23542,4,0,5392
23550,1,0,5393
23552,1,0,5394
23575,2,1,5395
23578,2,2,5396
23579,2,0,5397
23581,2,0,5398
23587,3,0,5399
23597,3,0,5400
23606,1,0,5401
23615,2,2,5402
23631,2,0,5403
23636,2,0,5404
23645,1,0,5405
23680,2,0,5406
23683,2,2,5407
23687,1,0,5408
23709,2,0,5409
23713,2,0,5410
23714,2,0,5411
23718,2,1,5412
23727,2,0,5413
23734,1,2,5414
23759,2,0,5415
23769,2,0,5416
23770,2,0,5417
23771,0,2,5418
23774,1,0,5419
23780,1,2,5420
23782,2,0,5421
23788,2,0,5422
23791,2,0,5423
23793,2,0,5424
23800,3,0,5425
23812,2,0,5426
23843,1,0,5427
23855,2,1,5428
23866,2,2,5429
23868,2,0,5430
23905,2,0,5431
23929,2,0,5432
23938,2,0,5433
23944,3,0,5434
23946,3,1,5435
23954,0,2,5436
23963,2,1,5437
23965,2,0,5438
23982,3,0,5439
24012,2,0,5440
24017,2,0,5441
24020,2,0,5442
24034,2,0,5443
24048,3,0,5444
24052,2,0,5445
24058,1,0,5446
24087,2,0,5447
24088,1,0,5448
24117,1,0,5449
24119,2,0,5450
24123,2,0,5451
24157,2,1,5452
24169,2,0,5453
24176,3,0,5454
24182,1,0,5455
24191,2,0,5456
24198,2,0,5457
24199,2,0,5458
24201,1,1,5459
24204,1,0,5460
24236,2,0,5461
24260,3,0,5462
24263,2,1,5463
24264,1,0,5464
24273,2,1,5465
24275,1,0,5466
24278,2,0,5467
24281,2,0,5468
24282,2,0,5469
24283,3,0,5470
24289,2,0,5471
24295,1,0,5472
24302,2,0,5473
24313,2,1,5474
24317,2,0,5475
24328,3,0,5476
24337,2,2,5477
24345,2,0,5478
24368,2,0,5479
24372,2,0,5480
24379,2,0,5481
24391,3,0,5482
24398,3,0,5483
24400,2,0,5484
24410,1,0,5485
24420,1,1,5486
24423,2,2,5487
24427,2,0,5488
24428,2,0,5489
24435,2,0,5490
24442,1,0,5491
24447,2,2,5492
24454,2,3,5493
24461,1,0,5494
24462,2,0,5495
24500,1,0,5496
24503,2,0,5497
24510,2,0,5498
24513,2,2,5499
24524,3,0,5500
24531,2,0,5501
24541,3,0,5502
24543,2,0,5503
24551,2,0,5504
24562,0,3,5505
24574,2,0,5506
24580,2,0,5507
24588,2,1,5508
24599,2,2,5509
24610,2,0,5510
24636,3,0,5511
24639,1,0,5512
24647,3,0,5513
24656,2,1,5514
24664,3,0,5515
24668,0,2,5516
24672,2,0,5517
24679,2,1,5518
24683,2,3,5519
24688,2,1,5520
24694,1,1,5521
24703,2,1,5522
24709,2,1,5523
24735,1,2,5524
24767,3,0,5525
24768,2,1,5526
24789,2,0,5527
24804,2,0,5528
24808,1,0,5529
24814,3,1,5530
24836,3,0,5531
24860,1,0,5532
24870,2,0,5533
24921,2,0,5534
24923,2,2,5535
24929,0,2,5536
24934,1,1,5537
24939,2,0,5538
24956,2,2,5539
24964,3,0,5540
24965,2,2,5541
24972,1,0,5542
24974,2,1,5543
24975,2,1,5544
25022,2,0,5545
25041,2,2,5546
25049,1,0,5547
25056,3,1,5548
25068,2,0,5549
25080,2,1,5550
25090,2,0,5551
25105,2,0,5552
25113,2,0,5553
25118,2,2,5554
25124,3,0,5555
25164,3,0,5556
25169,2,2,5557
25188,2,0,5558
25209,2,0,5559
25211,2,0,5560
25213,2,1,5561
25216,1,0,5562
25222,2,0,5563
25226,2,0,5564
25234,2,0,5565
25244,3,0,5566
25245,2,0,5567
25247,2,1,5568
25257,2,0,5569
25258,2,0,5570
25262,1,0,5571
25269,2,2,5572
25272,2,0,5573
25293,2,0,5574
25295,2,0,5575
25312,2,0,5576
25314,1,0,5577
25326,2,1,5578
25327,2,0,5579
25330,2,0,5580
25331,3,0,5581
25338,2,0,5582
25341,2,1,5583
25343,1,0,5584
25355,2,2,5585
25356,2,0,5586
25357,2,0,5587
25367,3,0,5588
25373,2,0,5589
25378,2,0,5590
25380,2,1,5591
25392,3,0,5592
25419,2,0,5593
25421,2,1,5594
25426,3,0,5595
25427,2,1,5596
25462,1,1,5597
25466,2,0,5598
25468,2,0,5599
25469,2,0,5600
25474,2,1,5601
25476,2,0,5602
25498,0,2,5603
25499,2,1,5604
25500,3,0,5605
25503,2,0,5606
25542,1,0,5607
25567,2,0,5608
25629,2,1,5609
25637,2,1,5610
25646,2,1,5611
25663,2,1,5612
25666,3,0,5613
25668,2,0,5614
25686,3,0,5615
25688,1,0,5616
25703,2,0,5617
25712,2,1,5618
25714,2,2,5619
25748,2,0,5620
25758,2,0,5621
25763,2,0,5622
25765,1,0,5623
25766,2,0,5624
25768,2,0,5625
25771,2,1,5626
25773,1,0,5627
25774,3,0,5628
25775,2,3,5629
25779,3,0,5630
25798,2,0,5631
25800,2,2,5632
25813,3,0,5633
25825,2,1,5634
25848,3,0,5635
25864,3,0,5636
25884,2,0,5637
25901,2,1,5638
25905,2,0,5639
25908,0,2,5640
25929,2,0,5641
25936,3,0,5642
25937,1,1,5643
25968,1,0,5644
25970,1,0,5645
25971,2,0,5646
25972,4,0,5647
25982,3,0,5648
26009,2,0,5649
26034,1,0,5650
26043,2,2,5651
26049,2,2,5652
26062,3,0,5653
26068,1,1,5654
26069,2,0,5655
26075,2,0,5656
26107,2,0,5657
26108,2,0,5658
26109,3,0,5659
26112,2,0,5660
26116,2,0,5661
26119,1,0,5662
26126,1,0,5663
26133,2,0,5664
26144,2,1,5665
26151,2,0,5666
26158,2,0,5667
26166,2,0,5668
26174,1,0,5669
26181,2,0,5670
26195,2,0,5671
26197,2,2,5672
26219,2,0,5673
26225,1,0,5674
26232,2,0,5675
26236,2,0,5676
26263,3,0,5677
26270,2,0,5678
26281,2,0,5679
26282,2,2,5680
26284,2,0,5681
26285,2,0,5682
26291,2,1,5683
26293,3,0,5684
26301,3,0,5685
26308,2,2,5686
26309,3,0,5687
26326,2,0,5688
26327,2,2,5689
26329,2,0,5690
26336,2,1,5691
26368,2,1,5692
26373,2,0,5693
26394,2,2,5694
26402,3,0,5695
26416,1,0,5696
26419,2,2,5697
26425,2,0,5698
26429,3,0,5699
26432,2,0,5700
26435,2,3,5701
26439,3,0,5702
26445,2,2,5703
26447,2,0,5704
26460,2,0,5705
26461,1,1,5706
26483,3,0,5707
26490,3,0,5708
26508,3,0,5709
26528,2,0,5710
26533,1,0,5711
26538,2,0,5712
26540,2,1,5713
26557,2,1,5714
26565,2,0,5715
26567,1,0,5716
26578,2,2,5717
26597,1,0,5718
26606,2,1,5719
26610,1,0,5720
26617,2,0,5721
26624,3,0,5722
26659,2,0,5723
26663,2,0,5724
26679,3,0,5725
26697,2,0,5726
26702,2,0,5727
26705,2,1,5728
26738,3,0,5729
26756,1,0,5730
26771,2,0,5731
26773,2,1,5732
26783,1,0,5733
26787,0,2,5734
26789,2,1,5735
26800,1,0,5736
26806,2,0,5737
26811,2,0,5738
26832,2,0,5739
26833,1,0,5740
26843,2,2,5741
26860,2,0,5742
26861,4,0,5743
26865,2,1,5744
26888,2,1,5745
26894,2,0,5746
26895,0,2,5747
26900,1,0,5748
26908,2,1,5749
26923,2,0,5750
26924,2,0,5751
26927,2,0,5752
26932,2,0,5753
26945,2,1,5754
26951,2,1,5755
26956,2,0,5756
26961,3,0,5757
26981,2,0,5758
26993,2,0,5759
27000,2,1,5760
27011,1,0,5761
27021,2,0,5762
27028,1,0,5763
27035,2,0,5764
27043,3,0,5765
27049,1,0,5766
27075,2,0,5767
27082,1,0,5768
27092,2,0,5769
27096,2,0,5770
27130,1,0,5771
27143,2,0,5772
27144,2,0,5773
27150,2,1,5774
27154,3,0,5775
27165,2,2,5776
27194,3,0,5777
27195,3,1,5778
27203,2,1,5779
27211,1,0,5780
27213,2,0,5781
27226,3,0,5782
27252,1,0,5783
27257,3,0,5784
27260,1,0,5785
27275,2,1,5786
27278,2,1,5787
27288,2,1,5788
27324,2,0,5789
27328,2,2,5790
27350,1,0,5791
27351,2,0,5792
27364,1,0,5793
27376,2,2,5794
27382,2,2,5795
27391,2,2,5796
27393,2,0,5797
27397,3,0,5798
27411,1,0,5799
27423,2,2,5800
27430,2,1,5801
27447,1,0,5802
27470,2,0,5803
27504,2,0,5804
27522,2,0,5805
27529,0,2,5806
27534,1,0,5807
27535,2,0,5808
27543,2,0,5809
27561,1,0,5810
27563,2,0,5811
27572,2,0,5812
27590,3,0,5813
27592,1,0,5814
27615,2,1,5815
27635,2,0,5816
27643,2,0,5817
27647,2,0,5818
27657,1,0,5819
27658,1,0,5820
27659,3,0,5821
27660,3,0,5822
27672,1,0,5823
27720,2,2,5824
27728,2,0,5825
27737,2,0,5826
27738,2,0,5827
27743,3,0,5828
27753,2,2,5829
27768,2,0,5830
27772,2,0,5831
27775,2,1,5832
27779,1,1,5833
27790,1,0,5834
27810,1,0,5835
27823,2,2,5836
27830,2,1,5837
27834,1,1,5838
27839,2,0,5839
27845,2,2,5840
27852,2,0,5841
27877,3,0,5842
27888,2,0,5843
27891,2,2,5844
27900,2,0,5845
27906,2,2,5846
27914,2,0,5847
27925,2,1,5848
27932,2,0,5849
27933,1,0,5850
27939,2,0,5851
27955,2,1,5852
27964,1,0,5853
27979,1,0,5854
27997,2,1,5855
28000,2,0,5856
28004,3,0,5857
28013,3,0,5858
28016,2,0,5859
28018,3,0,5860
28030,2,0,5861
28039,1,1,5862
28042,1,0,5863
28044,2,0,5864
28068,1,0,5865
28076,2,0,5866
28079,2,0,5867
28091,2,0,5868
28103,3,0,5869
28109,2,0,5870
28112,2,1,5871
28114,1,0,5872
28144,2,1,5873
28149,3,0,5874
28152,2,1,5875
28163,1,0,5876
28174,3,0,5877
28175,3,0,5878
28185,2,0,5879
28188,2,0,5880
28212,2,0,5881
28234,2,2,5882
28254,3,0,5883
28263,2,2,5884
28267,1,0,5885
28270,2,1,5886
28275,2,0,5887
28289,2,0,5888
28297,1,0,5889
28303,3,0,5890
28310,2,2,5891
28325,2,0,5892
28327,2,1,5893
28330,3,0,5894
28350,2,0,5895
28371,2,0,5896
28372,2,0,5897
28373,1,0,5898
28386,1,0,5899
28389,2,0,5900
28390,1,0,5901
28405,2,0,5902
28426,2,0,5903
28437,3,0,5904
28440,2,0,5905
28449,2,0,5906
28456,1,0,5907
28461,2,2,5908
28464,2,1,5909
28471,2,1,5910
28476,1,0,5911
28477,2,2,5912
28480,2,1,5913
28501,1,0,5914
28531,1,0,5915
28561,1,1,5916
28566,1,0,5917
28574,1,0,5918
28576,1,1,5919
28583,2,0,5920
28584,2,0,5921
28595,2,0,5922
28628,2,0,5923
28676,3,0,5924
28683,3,0,5925
28684,1,0,5926
28692,2,2,5927
28697,2,0,5928
28702,2,0,5929
28713,1,2,5930
28731,2,1,5931
28736,3,0,5932
28739,1,0,5933
28746,2,0,5934
28763,2,0,5935
28768,2,0,5936
28791,2,0,5937
28800,2,0,5938
28810,2,0,5939
28814,2,0,5940
28820,1,0,5941
28835,2,1,5942
28841,2,1,5943
28845,3,0,5944
28847,1,0,5945
28861,3,0,5946
28874,2,0,5947
28877,1,0,5948
28888,2,0,5949
28900,2,0,5950
28904,1,2,5951
28915,2,0,5952
28935,3,0,5953
28942,2,0,5954
28948,2,0,5955
28949,2,0,5956
28952,3,0,5957
28966,2,0,5958
28969,1,0,5959
28973,3,0,5960
28980,2,1,5961
28984,2,0,5962
28995,3,0,5963
29006,2,0,5964
29067,2,2,5965
29072,3,0,5966
29076,1,0,5967
29082,2,1,5968
29091,2,0,5969
29094,1,0,5970
29103,2,1,5971
29116,2,0,5972
29136,3,0,5973
29140,2,1,5974
29142,1,0,5975
29160,1,0,5976
29168,2,1,5977
29178,2,0,5978
29182,2,0,5979
29193,2,0,5980
29198,2,0,5981
29199,3,0,5982
29204,2,1,5983
29220,2,0,5984
29223,2,0,5985
29230,3,0,5986
29237,2,0,5987
29241,2,0,5988
29249,2,2,5989
29282,2,1,5990
29292,3,0,5991
29294,2,1,5992
29326,2,1,5993
29348,2,2,5994
29361,2,0,5995
29370,2,0,5996
29394,1,0,5997
29401,1,0,5998
29419,2,0,5999
29446,1,0,6000
29462,1,0,6001
29463,2,0,6002
29469,2,0,6003
29507,0,2,6004
29509,2,0,6005
29512,1,0,6006
29523,2,1,6007
29531,2,1,6008
29550,2,0,6009
29554,2,0,6010
29555,2,2,6011
29557,1,0,6012
29562,2,0,6013
29588,3,0,6014
29593,2,2,6015
29598,2,2,6016
29606,2,0,6017
29620,2,1,6018
29624,3,0,6019
29626,2,1,6020
29633,2,0,6021
29651,1,1,6022
29662,2,0,6023
29664,2,0,6024
29680,2,2,6025
29681,2,0,6026
29726,2,1,6027
29731,1,2,6028
29738,2,0,6029
29742,2,1,6030
29751,2,1,6031
29753,2,2,6032
29782,2,1,6033
29785,2,0,6034
29786,3,1,6035
29798,2,0,6036
29806,1,0,6037
29809,2,2,6038
29839,2,0,6039
29840,3,0,6040
29866,1,0,6041
29899,2,0,6042
29905,1,1,6043
29917,2,0,6044
29921,1,0,6045
29936,2,0,6046
29957,2,0,6047
29967,2,1,6048
29986,2,2,6049
29993,2,0,6050
30012,1,0,6051
30013,2,1,6052
30031,2,0,6053
30038,2,2,6054
30040,3,0,6055
30056,2,0,6056
30061,2,1,6057
30075,2,2,6058
30080,3,0,6059
30081,2,2,6060
30083,2,1,6061
30085,2,2,6062
30089,2,0,6063
30101,3,0,6064
30106,1,0,6065
30109,1,0,6066
30120,1,0,6067
30121,3,0,6068
30128,2,1,6069
30171,2,0,6070
30175,2,0,6071
30192,3,0,6072
30213,2,1,6073
30222,2,2,6074
30231,2,1,6075
30235,2,0,6076
30254,1,0,6077
30280,3,0,6078
30293,2,0,6079
30295,1,0,6080
30300,2,0,6081
30305,2,1,6082
30321,4,0,6083
30331,2,0,6084
30350,1,0,6085
30357,2,0,6086
30369,1,1,6087
30419,2,0,6088
30427,1,0,6089
30429,2,0,6090
30434,2,0,6091
30471,2,0,6092
30491,1,0,6093
30494,2,2,6094
30501,1,0,6095
30503,2,0,6096
30511,2,0,6097
30512,2,2,6098
30523,2,0,6099
30531,3,0,6100
30533,2,1,6101
30536,2,0,6102
30552,2,1,6103
30563,2,0,6104
30569,2,0,6105
30578,2,1,6106
30582,2,0,6107
30601,2,0,6108
30625,2,0,6109
30633,2,0,6110
30647,2,0,6111
30649,3,0,6112
30685,0,2,6113
30688,1,1,6114
30694,2,0,6115
30705,2,0,6116
30710,3,0,6117
30715,2,1,6118
30740,2,0,6119
30742,2,2,6120
30761,2,0,6121
30771,0,2,6122
30772,2,0,6123
30774,3,0,6124
30784,2,2,6125
30789,2,0,6126
30790,1,0,6127
30802,2,2,6128
30806,2,1,6129
30831,3,0,6130
30852,2,0,6131
30855,1,1,6132
30861,2,0,6133
30866,2,2,6134
30871,2,0,6135
30879,2,2,6136
30883,2,1,6137
30885,2,0,6138
30889,2,0,6139
30933,2,0,6140
30936,1,2,6141
30937,1,0,6142
30939,2,1,6143
30960,2,1,6144
30970,3,0,6145
30983,2,1,6146
30988,2,1,6147
31028,1,0,6148
31041,2,0,6149
31045,1,0,6150
31049,1,0,6151
31060,1,0,6152
31076,3,0,6153
31080,3,0,6154
31087,3,0,6155
31141,2,0,6156
31152,2,1,6157
31160,2,0,6158
31174,2,2,6159
31189,2,1,6160
31204,2,0,6161
31235,1,1,6162
31241,2,0,6163
31247,2,0,6164
31251,2,1,6165
31252,2,0,6166
31260,2,0,6167
31263,2,0,6168
31288,1,0,6169
31291,2,0,6170
31303,2,2,6171
31309,3,0,6172
31323,2,0,6173
31328,2,0,6174
31355,2,1,6175
31357,2,0,6176
31367,2,0,6177
31374,3,0,6178
31379,2,0,6179
31387,2,0,6180
31390,2,0,6181
31393,2,0,6182
31397,2,2,6183
31414,2,0,6184
31415,3,0,6185
31426,2,0,6186
31427,2,0,6187
31451,2,0,6188
31467,2,0,6189
31506,1,0,6190
31508,2,1,6191
31514,2,2,6192
31516,2,0,6193
31520,2,0,6194
31522,2,1,6195
31530,2,0,6196
31545,1,0,6197
31551,1,0,6198
31564,2,0,6199
31585,2,0,6200
31602,2,1,6201
31611,2,0,6202
31612,1,0,6203
31620,1,0,6204
31646,3,0,6205
31653,2,0,6206
31672,2,1,6207
31679,3,0,6208
31700,2,1,6209
31706,2,0,6210
31725,2,0,6211
31742,2,0,6212
31770,2,0,6213
31814,0,2,6214
31818,3,1,6215
31825,2,0,6216
31831,3,0,6217
31846,2,0,6218
31854,2,0,6219
31864,1,0,6220
31879,1,0,6221
31892,2,0,6222
31897,2,0,6223
31903,1,0,6224
31907,2,0,6225
31938,1,2,6226
31948,1,0,6227
31951,2,0,6228
31959,2,0,6229
31970,2,0,6230
32022,2,1,6231
32035,1,0,6232
32040,2,0,6233
32042,2,2,6234
32054,1,1,6235
32056,2,1,6236
32075,2,0,6237
32077,2,0,6238
32082,3,0,6239
32085,2,2,6240
32090,2,0,6241
32110,2,0,6242
32112,2,0,6243
32126,2,2,6244
32129,1,0,6245
32160,2,0,6246
32176,3,0,6247
32187,2,0,6248
32200,1,0,6249
32202,2,0,6250
32207,2,0,6251
32216,2,1,6252
32232,3,0,6253
32245,2,0,6254
32266,1,0,6255
32284,2,1,6256
32286,1,0,6257
32321,2,1,6258
32322,1,0,6259
32332,2,0,6260
32336,2,1,6261
32340,2,0,6262
32347,2,2,6263
32348,1,0,6264
32350,1,0,6265
32369,1,0,6266
32376,1,0,6267
32389,1,1,6268
32419,3,0,6269
32430,2,0,6270
32433,3,0,6271
32446,2,0,6272
32452,3,0,6273
32465,2,0,6274
32493,1,0,6275
32501,3,0,6276
32537,2,1,6277
32548,2,0,6278
32552,2,0,6279
32563,2,0,6280
32564,2,0,6281
32574,1,0,6282
32579,2,1,6283
32582,2,0,6284
32608,1,0,6285
32611,0,3,6286
32636,1,0,6287
32653,2,0,6288
32680,1,1,6289
32701,1,0,6290
32706,2,0,6291
32723,2,1,6292
32735,3,0,6293
32738,2,1,6294
32739,2,0,6295
32759,2,0,6296
32764,2,0,6297
32768,1,0,6298
32823,2,2,6299
32842,3,0,6300
32865,2,0,6301
32871,2,1,6302
32873,2,2,6303
32884,1,0,6304
32890,2,0,6305
32909,2,0,6306
32917,2,1,6307
32923,2,0,6308
32924,1,0,6309
32957,3,0,6310
32961,1,0,6311
32977,3,0,6312
32995,2,0,6313
32996,1,0,6314
33007,1,2,6315
33010,2,1,6316
33025,1,0,6317
33055,2,1,6318
33070,2,0,6319
33072,2,0,6320
33073,2,1,6321
33074,1,0,6322
33078,3,0,6323
33111,2,0,6324
33114,2,0,6325
33121,2,0,6326
33144,2,0,6327
33151,2,1,6328
33158,2,0,6329
33163,1,0,6330
33167,2,2,6331
33184,2,0,6332
33187,2,0,6333
33188,2,0,6334
33204,2,0,6335
33213,2,0,6336
33214,2,0,6337
33223,1,0,6338
33270,2,0,6339
33286,2,1,6340
33308,2,1,6341
33312,1,0,6342
33317,2,1,6343
33319,3,0,6344
33320,3,0,6345
33332,2,0,6346
33339,2,1,6347
33356,1,0,6348
33364,2,1,6349
33371,2,0,6350
33375,2,0,6351
33383,2,2,6352
33399,2,0,6353
33403,2,2,6354
33421,2,0,6355
33446,2,0,6356
33454,2,0,6357
33456,2,0,6358
33457,2,0,6359
33466,2,0,6360
33467,2,0,6361
33472,2,0,6362
33482,2,0,6363
33514,2,0,6364
33527,2,0,6365
33532,1,0,6366
33540,2,0,6367
33546,2,0,6368
33550,2,0,6369
33568,2,0,6370
33574,2,0,6371
33591,2,1,6372
33594,2,0,6373
33615,2,0,6374
33624,0,2,6375
33630,3,0,6376
33650,1,1,6377
33664,3,0,6378
33673,2,0,6379
33675,2,0,6380
33676,2,0,6381
33690,2,0,6382
33698,2,0,6383
33708,1,0,6384
33716,2,1,6385
33731,1,1,6386
33743,2,0,6387
33745,2,1,6388
33748,1,2,6389
33752,1,0,6390
33775,2,0,6391
33779,1,0,6392
33787,2,0,6393
33803,2,0,6394
33809,2,1,6395
33814,1,1,6396
33816,3,0,6397
33857,2,1,6398
33858,0,2,6399
33880,2,0,6400
33895,1,0,6401
33904,2,0,6402
33908,2,0,6403
33913,2,0,6404
33915,1,0,6405
33923,2,0,6406
33928,2,0,6407
33931,2,0,6408
33952,3,0,6409
33954,2,0,6410
33955,2,0,6411
33957,1,0,6412
33978,0,2,6413
33982,2,0,6414
33988,2,0,6415
33996,2,2,6416
34000,2,0,6417
34002,2,0,6418
34007,3,0,6419
34010,2,0,6420
34013,2,0,6421
34030,2,0,6422
34050,2,1,6423
34061,2,0,6424
34077,2,0,6425
34087,2,3,6426
34091,2,0,6427
34092,2,0,6428
34115,3,0,6429
34131,2,1,6430
34136,2,0,6431
34137,2,1,6432
34144,2,0,6433
34156,2,0,6434
34165,2,0,6435
34170,2,0,6436
34178,2,0,6437
34205,1,0,6438
34216,2,0,6439
34219,3,0,6440
34264,2,0,6441
34275,2,0,6442
34291,1,0,6443
34306,2,2,6444
34315,2,2,6445
34336,3,1,6446
34347,1,0,6447
34361,2,0,6448
34364,3,0,6449
34370,2,0,6450
34378,2,1,6451
34393,3,1,6452
34400,2,0,6453
34405,2,0,6454
34413,2,2,6455
34419,1,0,6456
34436,1,2,6457
34437,2,0,6458
34462,2,0,6459
34467,2,1,6460
34481,2,0,6461
34485,1,0,6462
34486,1,0,6463
34510,2,1,6464
34511,1,0,6465
34527,1,0,6466
34531,3,0,6467
34532,1,0,6468
34548,3,0,6469
34573,3,0,6470
34579,2,0,6471
34592,2,0,6472
34597,1,0,6473
34599,2,2,6474
34601,2,1,6475
34621,0,2,6476
34631,2,1,6477
34632,2,0,6478
34646,2,0,6479
34662,2,0,6480
34663,2,1,6481
34678,1,0,6482
34735,1,0,6483
34740,2,0,6484
34759,1,1,6485
34770,2,0,6486
34791,2,0,6487
34815,3,0,6488
34821,2,0,6489
34833,2,0,6490
34847,2,2,6491
34873,2,0,6492
34879,1,0,6493
34893,2,0,6494
34933,2,0,6495
34940,2,0,6496
34955,3,0,6497
34962,1,0,6498
34964,3,0,6499
34967,1,0,6500
34968,1,0,6501
34982,2,2,6502
35001,2,0,6503
35017,3,0,6504
35020,3,0,6505
35022,1,0,6506
35031,2,1,6507
35044,1,2,6508
35051,1,1,6509
35054,1,0,6510
35056,4,0,6511
35060,2,0,6512
35083,3,0,6513
35094,3,0,6514
35103,2,1,6515
35108,2,0,6516
35117,2,1,6517
35119,2,1,6518
35120,1,0,6519
35140,3,0,6520
35163,2,0,6521
35180,2,0,6522
35199,1,0,6523
35205,2,0,6524
35216,1,0,6525
35220,3,0,6526
35266,1,1,6527
35273,1,0,6528
35277,1,2,6529
35279,2,0,6530
35303,2,2,6531
35328,2,1,6532
35349,3,0,6533
35359,2,1,6534
35363,2,0,6535
35376,1,0,6536
35398,3,0,6537
35404,2,1,6538
35405,2,0,6539
35407,3,0,6540
35415,1,0,6541
35424,2,0,6542
35436,2,0,6543
35484,2,0,6544
35514,1,0,6545
35574,2,0,6546
35577,1,0,6547
35584,2,0,6548
35602,2,0,6549
35640,3,0,6550
35681,1,0,6551
35682,2,0,6552
35702,2,0,6553
35731,1,0,6554
35750,2,0,6555
35762,2,0,6556
35778,3,0,6557
35784,2,0,6558
35794,2,0,6559
35797,0,2,6560
35808,1,0,6561
35809,2,0,6562
35817,2,1,6563
35821,2,0,6564
35823,2,0,6565
35837,1,0,6566
35845,2,1,6567
35858,2,1,6568
35863,2,0,6569
35895,2,0,6570
35904,2,2,6571
35907,2,0,6572
35912,2,2,6573
35918,1,0,6574
35920,2,1,6575
35921,2,1,6576
35922,2,0,6577
35931,2,0,6578
35941,3,0,6579
35943,1,0,6580
35974,1,0,6581
35997,2,0,6582
36012,2,1,6583
36043,3,0,6584
36052,2,0,6585
36063,2,2,6586
36064,1,0,6587
36094,3,0,6588
36095,2,0,6589
36101,1,0,6590
36103,2,0,6591
36130,2,0,6592
36149,2,2,6593
36150,2,0,6594
36167,2,0,6595
36176,1,1,6596
36179,1,0,6597
36182,3,0,6598
36186,2,0,6599
36188,1,0,6600
36211,2,0,6601
36220,2,0,6602
36226,1,0,6603
36229,3,0,6604
36236,2,0,6605
36242,1,0,6606
36260,3,0,6607
36266,2,0,6608
36270,3,0,6609
